,nbapersonid,BPM_1,BPM_2,BPM_3,BPM_4,DBPM_1,DBPM_2,DBPM_3,DBPM_4,DWS_1,DWS_2,DWS_3,DWS_4,FTr_1,FTr_2,FTr_3,FTr_4,OBPM_1,OBPM_2,OBPM_3,OBPM_4,OWS_1,OWS_2,OWS_3,OWS_4,PER_1,PER_2,PER_3,PER_4,VORP_1,VORP_2,VORP_3,VORP_4,WS_1,WS_2,WS_3,WS_4,ast_1,ast_2,ast_3,ast_4,ast_pct_1,ast_pct_2,ast_pct_3,ast_pct_4,blk_pct_1,blk_pct_2,blk_pct_3,blk_pct_4,blocks_1,blocks_2,blocks_3,blocks_4,def_reb_1,def_reb_2,def_reb_3,def_reb_4,def_reb_pct_1,def_reb_pct_2,def_reb_pct_3,def_reb_pct_4,efg_1,efg_2,efg_3,efg_4,fga_1,fga_2,fga_3,fga_4,fga2_1,fga2_2,fga2_3,fga2_4,fga3_1,fga3_2,fga3_3,fga3_4,fgm_1,fgm_2,fgm_3,fgm_4,fgm2_1,fgm2_2,fgm2_3,fgm2_4,fgm3_1,fgm3_2,fgm3_3,fgm3_4,fgp_1,fgp_2,fgp_3,fgp_4,fgp2_1,fgp2_2,fgp2_3,fgp2_4,fgp3_1,fgp3_2,fgp3_3,fgp3_4,fta_1,fta_2,fta_3,fta_4,ftm_1,ftm_2,ftm_3,ftm_4,ftp_1,ftp_2,ftp_3,ftp_4,games_1,games_2,games_3,games_4,games_start_1,games_start_2,games_start_3,games_start_4,mins_1,mins_2,mins_3,mins_4,off_reb_1,off_reb_2,off_reb_3,off_reb_4,off_reb_pct_1,off_reb_pct_2,off_reb_pct_3,off_reb_pct_4,points_1,points_2,points_3,points_4,steals_1,steals_2,steals_3,steals_4,stl_pct_1,stl_pct_2,stl_pct_3,stl_pct_4,tot_fouls_1,tot_fouls_2,tot_fouls_3,tot_fouls_4,tot_reb_1,tot_reb_2,tot_reb_3,tot_reb_4,tot_reb_pct_1,tot_reb_pct_2,tot_reb_pct_3,tot_reb_pct_4,tov_1,tov_2,tov_3,tov_4,tov_pct_1,tov_pct_2,tov_pct_3,tov_pct_4,usg_1,usg_2,usg_3,usg_4,is_all_star,draftpick
0,1628238,0.0,0.0,0.0,-12.4,0.0,0.0,0.0,-1.2,0.0,0.0,0.0,0.0,0.0,0.0,0.0,0.333,0.0,0.0,0.0,-11.2,0.0,0.0,0.0,0.0,0.0,0.0,0.0,13.9,0.0,0.0,0.0,0.0,0.0,0.0,0.0,0.0,0.0,0.0,0.0,0.0,0.0,0.0,0.0,0.0,0.0,0.0,0.0,0.0,0.0,0.0,0.0,0.0,0.0,0.0,0.0,2.0,0.0,0.0,0.0,0.299,0.0,0.0,0.0,0.333,0.0,0.0,0.0,6.0,0.0,0.0,0.0,4.0,0.0,0.0,0.0,2.0,0.0,0.0,0.0,2.0,0.0,0.0,0.0,2.0,0.0,0.0,0.0,0.0,0.0,0.0,0.0,0.333,0.0,0.0,0.0,0.5,0.0,0.0,0.0,0.0,0.0,0.0,0.0,2.0,0.0,0.0,0.0,2.0,0.0,0.0,0.0,1.0,0.0,0.0,0.0,2.0,0.0,0.0,0.0,0.0,0.0,0.0,0.0,7.0,0.0,0.0,0.0,2.0,0.0,0.0,0.0,0.315,0.0,0.0,0.0,6.0,0.0,0.0,0.0,1.0,0.0,0.0,0.0,0.069,0.0,0.0,0.0,2.0,0.0,0.0,0.0,4.0,0.0,0.0,0.0,0.306,0.0,0.0,0.0,2.0,0.0,0.0,0.0,0.225,0.0,0.0,0.0,0.546,0,100.0
1,1628959,-7.3,0.0,0.0,0.0,-3.5,0.0,0.0,0.0,0.0,0.0,0.0,0.0,0.308,0.0,0.0,0.0,-3.8,0.0,0.0,0.0,-0.1,0.0,0.0,0.0,8.1,0.0,0.0,0.0,-0.2,0.0,0.0,0.0,-0.1,0.0,0.0,0.0,13.0,0.0,0.0,0.0,0.152,0.0,0.0,0.0,0.0,0.0,0.0,0.0,0.0,0.0,0.0,0.0,15.0,0.0,0.0,0.0,0.1370000000000000,0.0,0.0,0.0,0.372,0.0,0.0,0.0,39.0,0.0,0.0,0.0,27.0,0.0,0.0,0.0,12.0,0.0,0.0,0.0,13.0,0.0,0.0,0.0,10.0,0.0,0.0,0.0,3.0,0.0,0.0,0.0,0.333,0.0,0.0,0.0,0.37,0.0,0.0,0.0,0.25,0.0,0.0,0.0,12.0,0.0,0.0,0.0,8.0,0.0,0.0,0.0,0.667,0.0,0.0,0.0,10.0,0.0,0.0,0.0,1.0,0.0,0.0,0.0,120.0,0.0,0.0,0.0,11.0,0.0,0.0,0.0,0.099,0.0,0.0,0.0,37.0,0.0,0.0,0.0,1.0,0.0,0.0,0.0,0.004,0.0,0.0,0.0,7.0,0.0,0.0,0.0,26.0,0.0,0.0,0.0,0.118,0.0,0.0,0.0,8.0,0.0,0.0,0.0,0.153,0.0,0.0,0.0,0.19,0.0,0.0,0.0,0,100.0
2,1628960,-6.3,-1.3,-0.5,0.5,-2.1,-1.2,-0.1,-0.2,0.4,0.4,1.2,1.4,0.337,0.179,0.22,0.13,-4.2,-0.1,-0.4,0.6,-0.4,0.8,1.5,2.8,7.5,12.0,12.8,12.7,-0.5,0.1,0.5,1.1,0.0,1.2,2.7,4.2,25.0,52.0,108.0,100.0,0.089,0.1,0.115,0.076,0.011,0.002,0.006,0.01,6.0,2.0,8.0,18.0,20.0,77.0,141.0,190.0,0.051,0.111,0.12,0.109,0.466,0.58,0.547,0.588,178.0,251.0,414.0,569.0,79.0,110.0,140.0,180.0,99.0,141.0,274.0,389.0,67.0,117.0,173.0,255.0,35.0,60.0,66.0,96.0,32.0,57.0,107.0,159.0,0.376,0.466,0.418,0.448,0.443,0.545,0.471,0.533,0.323,0.404,0.391,0.409,60.0,45.0,91.0,74.0,45.0,39.0,79.0,64.0,0.75,0.867,0.868,0.865,38.0,38.0,50.0,66.0,2.0,0.0,38.0,61.0,416.0,718.0,1259.0,1805.0,3.0,8.0,19.0,32.0,0.008,0.012,0.016,0.019,211.0,330.0,532.0,733.0,6.0,10.0,46.0,46.0,0.0069999999999999,0.0069999999999999,0.017,0.012,47.0,53.0,71.0,96.0,23.0,85.0,160.0,222.0,0.03,0.062,0.067,0.065,33.0,33.0,48.0,43.0,0.139,0.109,0.096,0.067,0.244,0.176,0.168,0.152,0,21.0
3,1628961,-12.7,-0.7,-13.0,0.0,-0.1,-0.9,0.2,0.0,0.0,0.0,0.1,0.0,1.333,0.667,1.3,0.0,-12.6,0.2,-13.2,0.0,-0.1,0.1,-0.3,0.0,-0.9,16.3,0.0,0.0,0.0,0.0,-0.2,0.0,-0.1,0.1,-0.2,0.0,0.0,2.0,1.0,0.0,0.0,0.1370000000000000,0.023,0.0,0.0,0.0,0.064,0.0,0.0,0.0,4.0,0.0,1.0,1.0,15.0,0.0,0.0969999999999999,0.054,0.299,0.0,0.0,1.0,0.3,0.0,3.0,3.0,10.0,0.0,3.0,3.0,10.0,0.0,0.0,0.0,0.0,0.0,0.0,3.0,3.0,0.0,0.0,3.0,3.0,0.0,0.0,0.0,0.0,0.0,0.0,1.0,0.3,0.0,0.0,1.0,0.3,0.0,0.0,0.0,0.0,0.0,4.0,2.0,13.0,0.0,2.0,1.0,6.0,0.0,0.5,0.5,0.462,0.0,2.0,5.0,15.0,0.0,0.0,0.0,0.0,0.0,11.0,20.0,56.0,0.0,0.0,2.0,4.0,0.0,0.0,0.111,0.081,0.0,2.0,7.0,12.0,0.0,2.0,0.0,2.0,0.0,0.088,0.0,0.017,0.0,0.0,2.0,8.0,0.0,1.0,3.0,19.0,0.0,0.049,0.0819999999999999,0.191,0.0,1.0,1.0,11.0,0.0,0.174,0.205,0.412,0.0,0.225,0.103,0.207,0.0,0,60.0
4,1628963,-1.0,-3.5,-3.4,-2.05,-1.5,-1.3,-2.8,-1.65,1.6,0.3,0.5,0.4,0.371,0.186,0.273,0.2305,0.5,-2.2,-0.6,-0.35000000000000000,2.0,0.0,0.9,0.6,18.9,15.6,16.3,16.0,0.4,-0.1,-0.4,-0.05000000000000000,3.6,0.4,1.4,1.0,62.0,10.0,43.0,18.0,0.059,0.049,0.0579999999999999,0.054000000000000000,0.032,0.034,0.016,0.014000000000000000,59.0,12.0,21.0,9.0,309.0,68.0,212.0,116.5,0.208,0.235,0.215,0.223,0.525,0.479,0.542,0.5345,706.0,167.0,490.0,223.0,610.0,145.0,382.0,174.5,96.0,22.0,108.0,48.5,356.0,78.0,247.0,112.5,326.0,74.0,210.0,101.0,30.0,4.0,37.0,11.5,0.504,0.467,0.504,0.509,0.534,0.51,0.55,0.581,0.313,0.182,0.343,0.2355,262.0,31.0,134.0,50.5,181.0,25.0,77.0,33.5,0.691,0.806,0.575,0.669,62.0,13.0,43.0,24.0,4.0,6.0,42.0,12.5,1567.0,334.0,1112.0,573.0,162.0,29.0,106.0,52.5,0.104,0.095,0.104,0.095,923.0,185.0,608.0,270.0,33.0,6.0,21.0,11.0,0.01,0.009,0.009,0.00999999999999995,120.0,43.0,100.0,46.5,471.0,97.0,318.0,169.0,0.155,0.163,0.159,0.157,98.0,18.0,59.0,19.5,0.107,0.091,0.0969999999999999,0.0735,0.242,0.258,0.235,0.2,0,2.0
5,1628964,-1.4,0.4,0.0,0.7,1.4,1.6,-0.1,0.9,1.4,1.7,1.1,2.7,0.259,0.161,0.219,0.118,-2.8,-1.2,0.1,-0.2,0.3,0.8,0.7,1.8,14.9,17.5,19.3,16.5,0.1,0.5,0.4,1.2,1.7,2.5,1.8,4.5,39.0,42.0,35.0,85.0,0.074,0.072,0.081,0.074,0.07,0.088,0.073,0.059,64.0,86.0,58.0,118.0,169.0,202.0,189.0,424.0,0.24,0.256,0.28,0.246,0.525,0.526,0.535,0.566,243.0,286.0,301.0,617.0,173.0,179.0,183.0,336.0,70.0,107.0,118.0,281.0,117.0,132.0,142.0,296.0,96.0,95.0,104.0,189.0,21.0,37.0,38.0,107.0,0.481,0.462,0.472,0.48,0.555,0.531,0.568,0.563,0.3,0.346,0.322,0.381,63.0,46.0,66.0,73.0,37.0,31.0,45.0,57.0,0.587,0.674,0.682,0.781,47.0,62.0,46.0,71.0,1.0,0.0,5.0,69.0,766.0,878.0,725.0,1824.0,64.0,100.0,76.0,148.0,0.088,0.119,0.105,0.085,292.0,332.0,367.0,756.0,13.0,23.0,14.0,38.0,0.008,0.013,0.009,0.01,102.0,116.0,87.0,182.0,233.0,302.0,265.0,572.0,0.163,0.185,0.19,0.165,43.0,42.0,36.0,77.0,0.1370000000000000,0.121,0.098,0.106,0.178,0.171,0.218,0.172,0,6.0
6,1628966,-3.4,-2.9000000000000000,-2.0,-2.6,-0.6,-1.4000000000000000,0.8,-0.5,0.4,0.3,0.3,1.0,0.197,0.3365,0.313,0.232,-2.8,-1.5,-2.7,-2.1,0.0,0.35,0.1,0.6,9.6,12.3,12.0,12.4,-0.2,0.05,0.0,-0.1,0.3,0.6,0.3,1.6,17.0,15.0,12.0,41.0,0.046,0.0335,0.066,0.057,0.024,0.032,0.017,0.012,14.0,12.0,5.0,14.0,67.0,51.0,40.0,169.0,0.144,0.1495,0.177,0.187,0.468,0.508,0.485,0.549,142.0,117.0,67.0,263.0,90.0,65.5,50.0,208.0,52.0,51.5,17.0,55.0,60.0,50.0,30.0,136.0,47.0,33.0,25.0,119.0,13.0,17.0,5.0,17.0,0.423,0.443,0.448,0.517,0.522,0.513,0.5,0.572,0.25,0.3315,0.294,0.309,28.0,37.5,21.0,61.0,18.0,27.0,14.0,46.0,0.643,0.754,0.667,0.754,30.0,22.0,30.0,59.0,3.0,0.0,0.0,14.0,503.0,372.0,245.0,956.0,16.0,12.5,9.0,62.0,0.034,0.0395,0.038,0.068,151.0,144.0,79.0,335.0,18.0,9.5,11.0,27.0,0.017,0.011,0.022,0.0139999999999999,29.0,21.5,11.0,61.0,83.0,63.5,49.0,231.0,0.088,0.09349999999999990,0.106,0.127,14.0,8.5,7.0,45.0,0.083,0.07050000000000000,0.084,0.134,0.141,0.1575,0.148,0.148,0,48.0
7,1628969,-1.6,0.8,3.0,1.6,0.4,1.5,0.8,1.1,1.2,2.3,2.6,3.7,0.21,0.252,0.196,0.183,-2.0,-0.6,2.2,0.5,1.7,2.5,5.4,5.2,10.8,12.9,16.4,14.4,0.3,1.5,3.0,2.6,2.9,4.8,8.0,8.9,173.0,129.0,152.0,185.0,0.098,0.086,0.088,0.087,0.013,0.02,0.024,0.011,38.0,46.0,63.0,36.0,208.0,226.0,233.0,273.0,0.0969999999999999,0.124,0.111,0.1,0.523,0.583,0.643,0.601,563.0,484.0,669.0,858.0,250.0,290.0,354.0,546.0,313.0,194.0,315.0,312.0,242.0,247.0,363.0,458.0,137.0,177.0,229.0,343.0,105.0,70.0,134.0,115.0,0.43,0.51,0.543,0.534,0.548,0.61,0.647,0.628,0.335,0.361,0.425,0.369,118.0,122.0,131.0,157.0,95.0,103.0,110.0,131.0,0.805,0.844,0.84,0.834,82.0,73.0,72.0,82.0,56.0,32.0,72.0,82.0,2417.0,2042.0,2348.0,2854.0,56.0,66.0,76.0,74.0,0.025,0.035,0.037,0.0289999999999999,684.0,667.0,970.0,1162.0,129.0,102.0,76.0,96.0,0.025,0.024,0.016,0.016,201.0,163.0,116.0,150.0,264.0,292.0,309.0,347.0,0.06,0.079,0.075,0.065,70.0,73.0,57.0,68.0,0.102,0.12,0.073,0.068,0.122,0.127,0.149,0.15,0,10.0
8,1628970,-0.8,-2.5,0.2,1.5,0.1,-1.0,0.0,-0.3,1.5,1.3,1.9,2.3,0.151,0.174,0.182,0.274,-0.9,-1.5,0.2,1.8,1.4,0.3,2.4,5.0,13.1,12.1,14.7,17.9,0.5,-0.3,1.0,2.5,2.9,1.6,4.2,7.2,95.0,114.0,147.0,300.0,0.081,0.094,0.114,0.157,0.025,0.022,0.027,0.022,49.0,48.0,52.0,67.0,256.0,274.0,316.0,469.0,0.166,0.156,0.18,0.178,0.527,0.489,0.596,0.554,511.0,753.0,622.0,1214.0,311.0,453.0,332.0,749.0,200.0,300.0,290.0,465.0,237.0,319.0,313.0,596.0,172.0,220.0,197.0,442.0,65.0,99.0,116.0,154.0,0.464,0.424,0.503,0.491,0.553,0.486,0.593,0.59,0.325,0.33,0.4,0.331,77.0,131.0,113.0,333.0,58.0,106.0,98.0,267.0,0.753,0.809,0.867,0.802,80.0,65.0,66.0,80.0,25.0,64.0,19.0,80.0,1696.0,1995.0,1932.0,2837.0,67.0,88.0,81.0,90.0,0.042,0.046,0.045,0.033,597.0,843.0,840.0,1613.0,55.0,40.0,44.0,74.0,0.016,0.01,0.011,0.013,111.0,132.0,143.0,193.0,323.0,362.0,397.0,559.0,0.103,0.099,0.111,0.104,50.0,95.0,106.0,150.0,0.084,0.105,0.136,0.099,0.151,0.2,0.173,0.226,0,12.0
9,1628971,-3.3,-1.2,-0.3,0.7,1.0,0.8,0.1,1.1,1.6,1.4,1.5,2.0,0.191,0.266,0.277,0.253,-4.4,-2.0,-0.4,-0.4,-0.1,0.7,2.8,2.8,6.9,11.9,16.1,15.0,-0.5,0.3,0.6,1.2,1.5,2.1,4.4,4.8,91.0,230.0,104.0,148.0,0.088,0.204,0.098,0.115,0.021,0.015,0.017,0.026,36.0,29.0,28.0,52.0,137.0,213.0,238.0,245.0,0.107,0.15,0.172,0.147,0.436,0.48,0.576,0.543,314.0,447.0,423.0,506.0,221.0,351.0,364.0,412.0,93.0,96.0,59.0,94.0,125.0,198.0,235.0,256.0,101.0,165.0,218.0,218.0,24.0,33.0,17.0,38.0,0.398,0.443,0.556,0.506,0.457,0.47,0.599,0.529,0.258,0.344,0.288,0.404,60.0,119.0,117.0,128.0,45.0,88.0,86.0,97.0,0.75,0.739,0.735,0.758,74.0,58.0,65.0,72.0,56.0,43.0,37.0,45.0,1449.0,1634.0,1451.0,1774.0,48.0,61.0,111.0,100.0,0.035,0.042,0.089,0.063,319.0,517.0,573.0,647.0,40.0,63.0,58.0,77.0,0.0139999999999999,0.019,0.019,0.021,178.0,162.0,145.0,176.0,185.0,274.0,349.0,345.0,0.07,0.095,0.133,0.106,46.0,100.0,54.0,56.0,0.119,0.1670000000000000,0.102,0.091,0.115,0.16,0.159,0.15,0,42.0
10,1628972,-2.7,-1.3,-4.1,-1.8,-1.0,-0.4,-0.9,-0.2,0.4,1.2,0.2,0.9,0.201,0.223,0.139,0.101,-1.7,-0.8,-3.2,-1.7,0.2,1.3,0.0,0.5,11.1,13.7,8.75,10.1,-0.1,0.3,-0.15,0.1,0.6,2.4,0.2,1.4,80.0,178.0,14.5,66.0,0.149,0.141,0.07050000000000000,0.0819999999999999,0.006,0.003,0.00949999999999995,0.004,5.0,7.0,3.0,5.0,110.0,307.0,42.5,164.0,0.166,0.196,0.173,0.174,0.462,0.488,0.5245,0.51,234.0,622.0,72.0,258.0,165.0,443.0,37.0,125.0,69.0,179.0,35.0,133.0,97.0,273.0,31.0,108.0,75.0,212.0,20.0,61.0,22.0,61.0,11.0,47.0,0.415,0.439,0.449,0.419,0.455,0.479,0.5595,0.488,0.319,0.341,0.3185,0.353,47.0,139.0,10.5,26.0,32.0,109.0,7.5,20.0,0.681,0.784,0.75,0.769,52.0,69.0,17.0,66.0,10.0,22.0,0.0,7.0,730.0,1782.0,262.0,1055.0,35.0,76.0,10.0,39.0,0.051,0.045,0.04200000000000000,0.042,248.0,716.0,80.5,283.0,21.0,85.0,5.0,36.0,0.0139999999999999,0.022,0.00949999999999995,0.017,56.0,132.0,24.5,62.0,145.0,383.0,52.5,203.0,0.108,0.1170000000000000,0.108,0.108,30.0,79.0,10.5,26.0,0.105,0.104,0.11150000000000000,0.088,0.165,0.178,0.138,0.123,0,15.0
11,1628973,-1.7,-0.9,0.5,0.9,-0.5,-1.0,-0.9,0.0,1.0,0.6,1.1,2.7,0.212,0.193,0.241,0.211,-1.2,0.1,1.4,0.9,1.5,1.6,3.9,4.9,12.8,14.9,17.1,17.1,0.1,0.3,1.1,1.9,2.6,2.1,5.1,7.5,230.0,188.0,239.0,377.0,0.226,0.27,0.213,0.243,0.002,0.003,0.001,0.001,4.0,4.0,1.0,3.0,144.0,112.0,204.0,266.0,0.096,0.113,0.131,0.1170000000000000,0.523,0.522,0.588,0.549,565.0,388.0,627.0,1008.0,384.0,268.0,427.0,756.0,181.0,120.0,200.0,252.0,264.0,181.0,328.0,506.0,201.0,138.0,247.0,412.0,63.0,43.0,81.0,94.0,0.467,0.466,0.523,0.502,0.523,0.515,0.578,0.545,0.348,0.358,0.405,0.373,120.0,75.0,151.0,213.0,87.0,61.0,120.0,179.0,0.725,0.813,0.795,0.84,73.0,57.0,68.0,79.0,38.0,16.0,12.0,61.0,1591.0,1022.0,1697.0,2524.0,25.0,22.0,27.0,43.0,0.017,0.023,0.018,0.019,678.0,466.0,857.0,1285.0,37.0,22.0,35.0,66.0,0.011,0.01,0.01,0.013,127.0,74.0,109.0,151.0,169.0,134.0,231.0,309.0,0.057,0.069,0.075,0.068,88.0,66.0,80.0,124.0,0.125,0.136,0.103,0.1010000000000000,0.191,0.204,0.2020000000000000,0.2190000000000000,0,33.0
12,1628975,-4.0,0.6,0.5,-1.6,0.1,1.3,1.1,-0.30000000000000000,0.7,1.0,0.8,0.35,0.173,0.111,0.031,0.079,-4.1,-0.7,-0.6,-1.35,-0.7,0.8,0.7,0.25,7.8,11.3,12.2,10.45,-0.3,0.6,0.5,0.0,0.0,1.8,1.6,0.5500000000000000,69.0,84.0,71.0,48.0,0.174,0.119,0.13,0.1485,0.018,0.016,0.011,0.0135,11.0,17.0,9.0,7.0,52.0,88.0,76.0,48.0,0.103,0.105,0.118,0.1120000000000000,0.395,0.543,0.547,0.556,185.0,243.0,223.0,126.5,83.0,97.0,72.0,41.5,102.0,146.0,151.0,85.0,56.0,101.0,94.0,49.0,22.0,39.0,38.0,16.0,34.0,62.0,56.0,33.0,0.303,0.416,0.422,0.4195,0.265,0.402,0.528,0.392,0.333,0.425,0.371,0.4445,32.0,27.0,7.0,9.0,26.0,23.0,4.0,7.5,0.813,0.852,0.571,0.85,39.0,58.0,60.0,33.0,3.0,2.0,1.0,1.5,577.0,945.0,717.0,452.5,14.0,30.0,16.0,7.0,0.027,0.035,0.026,0.0165,172.0,287.0,248.0,138.5,26.0,47.0,29.0,12.0,0.022,0.024,0.02,0.012999999999999900,55.0,86.0,56.0,33.5,66.0,118.0,92.0,55.0,0.064,0.069,0.073,0.0655,33.0,32.0,16.0,17.0,0.142,0.1120000000000000,0.066,0.1075,0.18,0.129,0.15,0.134,0,32.0
13,1628976,-1.6,-2.4,-1.6,1.6,0.6,-0.3,-0.6000000000000000,0.6,1.2,1.6,0.85,2.4,0.302,0.443,0.386,0.303,-2.2,-2.1,-1.0,1.0,0.7,1.7,0.8500000000000000,2.6,15.2,15.5,16.8,18.4,0.1,-0.1,0.05,1.7,1.9,3.3,1.65,5.0,78.0,51.0,52.0,171.0,0.107,0.06,0.11000000000000000,0.154,0.045,0.027,0.026999999999999900,0.021,58.0,36.0,21.0,43.0,220.0,266.0,155.5,509.0,0.218,0.246,0.245,0.291,0.493,0.542,0.519,0.576,371.0,343.0,228.5,684.0,339.0,314.0,203.0,470.0,32.0,29.0,25.5,214.0,180.0,183.0,115.0,359.0,174.0,177.0,107.5,289.0,6.0,6.0,7.5,70.0,0.485,0.534,0.5025,0.525,0.513,0.564,0.53,0.615,0.188,0.207,0.3025,0.327,112.0,152.0,89.5,207.0,89.0,112.0,65.5,143.0,0.795,0.737,0.73,0.691,44.0,43.0,27.0,62.0,44.0,43.0,22.0,61.0,1110.0,1256.0,687.5,1852.0,87.0,139.0,66.0,139.0,0.084,0.1160000000000000,0.10300000000000000,0.079,455.0,484.0,303.0,931.0,26.0,33.0,17.5,36.0,0.011,0.013,0.012499999999999900,0.009,152.0,162.0,73.0,169.0,307.0,405.0,221.5,648.0,0.15,0.178,0.1735,0.185,65.0,72.0,39.0,117.0,0.134,0.149,0.125,0.131,0.191,0.1640000000000000,0.193,0.209,0,7.0
14,1628977,-4.2,-3.9,-2.55,-0.5,0.2,0.3,-0.3,0.7,0.7,1.1,0.65,1.5,0.358,0.213,0.4185,0.266,-4.4,-4.2,-2.25,-1.2,0.1,-0.7,0.2,0.6,10.1,9.3,14.05,15.7,-0.3,-0.4,-0.05,0.5,0.8,0.4,0.8,2.1,17.0,36.0,50.5,73.0,0.044,0.059,0.12350000000000000,0.098,0.016,0.009,0.01800000000000000,0.012,10.0,9.0,12.0,17.0,59.0,123.0,106.5,208.0,0.12,0.147,0.1915,0.187,0.467,0.473,0.508,0.518,165.0,296.0,235.0,526.0,141.0,239.0,194.0,433.0,24.0,57.0,41.0,93.0,75.0,132.0,112.0,261.0,71.0,116.0,98.0,238.0,4.0,16.0,14.0,23.0,0.455,0.446,0.47450000000000000,0.496,0.504,0.485,0.502,0.55,0.167,0.281,0.3415,0.247,59.0,63.0,100.0,140.0,36.0,38.0,64.0,91.0,0.61,0.603,0.6455,0.65,51.0,46.0,26.0,58.0,3.0,3.0,4.5,29.0,526.0,896.0,613.0,1269.0,38.0,44.0,29.5,69.0,0.072,0.0559999999999999,0.051000000000000000,0.0559999999999999,190.0,318.0,302.0,636.0,21.0,37.0,20.5,71.0,0.019,0.02,0.015,0.027,77.0,101.0,67.0,143.0,97.0,167.0,136.0,277.0,0.095,0.103,0.1205,0.118,23.0,51.0,38.0,58.0,0.107,0.136,0.11900000000000000,0.09,0.166,0.184,0.2205,0.218,0,45.0
15,1628978,-2.2,1.3,-0.1,-3.05,0.6,2.4,0.2,-0.75,0.6,3.2,2.1,0.45000000000000000,0.097,0.169,0.118,0.243,-2.8,-1.1,-0.3,-2.3,0.0,1.0,1.5,-0.1,9.1,14.1,13.0,10.45,0.0,1.3,0.9,-0.05000000000000000,0.6,4.3,3.6,0.35000000000000000,31.0,154.0,203.0,59.0,0.0969999999999999,0.136,0.142,0.1495,0.012,0.012,0.0069999999999999,0.00749999999999995,6.0,20.0,15.0,4.0,49.0,252.0,299.0,65.0,0.114,0.155,0.1670000000000000,0.1365,0.492,0.536,0.528,0.4515,124.0,510.0,603.0,168.0,41.0,263.0,257.0,59.0,83.0,247.0,346.0,109.0,50.0,232.0,253.0,59.0,28.0,149.0,122.0,22.0,22.0,83.0,131.0,37.0,0.403,0.455,0.42,0.34650000000000000,0.683,0.567,0.475,0.38,0.265,0.336,0.379,0.32600000000000000,12.0,86.0,71.0,41.5,9.0,63.0,51.0,35.0,0.75,0.733,0.718,0.8455000000000000,27.0,66.0,66.0,21.0,0.0,24.0,66.0,0.5,411.0,1520.0,1814.0,503.0,16.0,66.0,81.0,20.0,0.042,0.046,0.049,0.0465,131.0,610.0,688.0,190.0,13.0,85.0,72.0,24.0,0.015,0.026,0.019,0.021000000000000000,38.0,113.0,112.0,34.5,65.0,318.0,380.0,85.0,0.08,0.103,0.11,0.0915,19.0,90.0,91.0,36.0,0.128,0.141,0.125,0.16550000000000000,0.151,0.173,0.1670000000000000,0.1915,0,17.0
16,1628979,24.4,0.0,0.0,0.0,5.3,0.0,0.0,0.0,0.0,0.0,0.0,0.0,0.0,0.0,0.0,0.0,19.1,0.0,0.0,0.0,0.1,0.0,0.0,0.0,38.3,0.0,0.0,0.0,0.0,0.0,0.0,0.0,0.1,0.0,0.0,0.0,2.0,0.0,0.0,0.0,0.59,0.0,0.0,0.0,0.0,0.0,0.0,0.0,0.0,0.0,0.0,0.0,1.0,0.0,0.0,0.0,0.16,0.0,0.0,0.0,0.833,0.0,0.0,0.0,3.0,0.0,0.0,0.0,2.0,0.0,0.0,0.0,1.0,0.0,0.0,0.0,2.0,0.0,0.0,0.0,1.0,0.0,0.0,0.0,1.0,0.0,0.0,0.0,0.667,0.0,0.0,0.0,0.5,0.0,0.0,0.0,1.0,0.0,0.0,0.0,0.0,0.0,0.0,0.0,0.0,0.0,0.0,0.0,0.0,0.0,0.0,0.0,3.0,0.0,0.0,0.0,0.0,0.0,0.0,0.0,6.0,0.0,0.0,0.0,0.0,0.0,0.0,0.0,0.0,0.0,0.0,0.0,5.0,0.0,0.0,0.0,0.0,0.0,0.0,0.0,0.0,0.0,0.0,0.0,0.0,0.0,0.0,0.0,1.0,0.0,0.0,0.0,0.085,0.0,0.0,0.0,0.0,0.0,0.0,0.0,0.0,0.0,0.0,0.0,0.209,0.0,0.0,0.0,0,100.0
17,1628980,-8.2,-11.55,0.0,0.0,-1.2,-3.35,0.0,0.0,0.2,0.1,0.0,0.0,0.019,0.109,0.0,0.0,-6.9,-8.1,0.0,0.0,-0.3,-0.3,0.0,0.0,3.5,-2.0,0.0,0.0,-0.3,-0.25,0.0,0.0,-0.1,-0.25,0.0,0.0,23.0,15.5,0.0,0.0,0.1370000000000000,0.0545,0.0,0.0,0.012,0.013,0.0,0.0,3.0,6.0,0.0,0.0,19.0,16.0,0.0,0.0,0.095,0.0435,0.0,0.0,0.377,0.1935,0.0,0.0,53.0,67.0,0.0,0.0,38.0,47.5,0.0,0.0,15.0,19.5,0.0,0.0,18.0,22.5,0.0,0.0,14.0,16.0,0.0,0.0,4.0,6.5,0.0,0.0,0.34,0.169,0.0,0.0,0.368,0.1685,0.0,0.0,0.267,0.171,0.0,0.0,1.0,14.5,0.0,0.0,0.0,12.5,0.0,0.0,0.0,0.431,0.0,0.0,30.0,14.5,0.0,0.0,1.0,0.5,0.0,0.0,204.0,209.0,0.0,0.0,6.0,4.5,0.0,0.0,0.033,0.0115,0.0,0.0,40.0,64.0,0.0,0.0,5.0,5.5,0.0,0.0,0.012,0.0065,0.0,0.0,28.0,20.5,0.0,0.0,25.0,20.5,0.0,0.0,0.065,0.027,0.0,0.0,11.0,12.5,0.0,0.0,0.171,0.073,0.0,0.0,0.135,0.13950000000000000,0.0,0.0,0,28.0
18,1628982,-14.5,-2.3,0.0,-16.4,-3.2,1.2,0.0,-6.7,0.0,0.2,0.0,0.0,0.19,0.118,0.0,0.146,-11.3,-3.5,0.0,-9.7,-0.2,0.0,0.0,-0.4,1.2,9.8,0.0,-0.4,-0.1,0.0,0.0,-0.4,-0.1,0.2,0.0,-0.4,1.0,3.0,0.0,1.0,0.033,0.034,0.0,0.012,0.0,0.0139999999999999,0.0,0.0,0.0,2.0,0.0,0.0,2.0,8.0,0.0,8.0,0.049,0.071,0.0,0.07,0.333,0.559,0.0,0.281,21.0,34.0,0.0,48.0,15.0,18.0,0.0,27.0,6.0,16.0,0.0,21.0,7.0,15.0,0.0,13.0,7.0,7.0,0.0,12.0,0.0,8.0,0.0,1.0,0.333,0.441,0.0,0.271,0.467,0.389,0.0,0.444,0.0,0.5,0.0,0.048,4.0,4.0,0.0,7.0,1.0,2.0,0.0,5.0,0.25,0.5,0.0,0.714,10.0,19.0,0.0,3.0,0.0,0.0,0.0,0.0,44.0,126.0,0.0,120.0,3.0,2.0,0.0,5.0,0.072,0.017,0.0,0.042,15.0,40.0,0.0,32.0,1.0,9.0,0.0,1.0,0.011,0.035,0.0,0.004,6.0,11.0,0.0,8.0,5.0,10.0,0.0,13.0,0.061,0.043,0.0,0.0559999999999999,1.0,5.0,0.0,3.0,0.042,0.123,0.0,0.055,0.235,0.14,0.0,0.195,0,35.0
19,1628983,-0.5,1.7,3.8,3.4,0.4,0.4,0.0,0.5,1.9,3.0,0.8,1.8,0.272,0.352,0.405,0.385,-0.9,1.3,3.8,2.9,1.5,3.1,2.7,2.8,13.4,17.7,21.6,20.9,0.8,2.2,1.7,2.7,3.3,6.1,3.5,4.6,270.0,232.0,207.0,331.0,0.178,0.152,0.312,0.311,0.016,0.017,0.017,0.022,45.0,47.0,23.0,46.0,175.0,365.0,147.0,241.0,0.083,0.161,0.131,0.13,0.512,0.514,0.571,0.496,716.0,1015.0,565.0,1052.0,577.0,764.0,395.0,755.0,139.0,251.0,170.0,297.0,341.0,478.0,287.0,477.0,290.0,391.0,216.0,388.0,51.0,87.0,71.0,89.0,0.476,0.471,0.508,0.453,0.503,0.512,0.547,0.514,0.367,0.347,0.418,0.3,195.0,357.0,229.0,405.0,156.0,288.0,185.0,328.0,0.8,0.807,0.808,0.81,82.0,70.0,35.0,56.0,73.0,70.0,35.0,56.0,2174.0,2428.0,1180.0,1942.0,57.0,47.0,19.0,37.0,0.0289999999999999,0.022,0.017,0.019,889.0,1331.0,830.0,1371.0,96.0,79.0,27.0,71.0,0.021,0.016,0.011,0.018,175.0,117.0,70.0,142.0,232.0,412.0,166.0,278.0,0.057,0.094,0.073,0.074,141.0,134.0,106.0,154.0,0.15,0.103,0.1370000000000000,0.111,0.183,0.237,0.278,0.308,1,11.0
20,1628984,-4.0,0.5,0.5,-1.0,-1.3,-2.1,-1.1,-1.2,0.3,0.9,0.9,1.2,0.213,0.242,0.236,0.172,-2.6,2.5,1.6,0.2,0.2,2.4,2.5,1.6,10.3,15.8,14.6,12.1,-0.3,1.4,1.0,0.5,0.5,3.4,3.4,2.8,121.0,471.0,295.0,316.0,0.248,0.353,0.263,0.21,0.003,0.006,0.004,0.005,2.0,15.0,6.0,12.0,53.0,170.0,126.0,140.0,0.086,0.087,0.084,0.073,0.421,0.495,0.51,0.481,216.0,963.0,669.0,815.0,95.0,378.0,192.0,252.0,121.0,585.0,477.0,563.0,74.0,368.0,252.0,296.0,40.0,150.0,73.0,104.0,34.0,218.0,179.0,192.0,0.343,0.382,0.377,0.363,0.421,0.397,0.38,0.413,0.281,0.373,0.375,0.341,46.0,233.0,158.0,140.0,35.0,191.0,133.0,118.0,0.761,0.82,0.842,0.843,46.0,63.0,55.0,76.0,3.0,53.0,44.0,63.0,676.0,2211.0,1659.0,2162.0,10.0,42.0,22.0,37.0,0.016,0.02,0.0139999999999999,0.019,217.0,1145.0,816.0,902.0,23.0,62.0,48.0,71.0,0.017,0.0139999999999999,0.0139999999999999,0.016,48.0,115.0,77.0,95.0,63.0,212.0,148.0,177.0,0.05,0.052,0.048,0.045,30.0,181.0,84.0,105.0,0.113,0.145,0.102,0.107,0.17,0.248,0.214,0.195,0,34.0
21,1628985,0.0,-6.4,0.0,0.0,0.0,-0.6,0.0,0.0,0.0,0.1,0.0,0.0,0.0,0.267,0.0,0.0,0.0,-5.8,0.0,0.0,0.0,-0.3,0.0,0.0,0.0,3.1,0.0,0.0,0.0,-0.1,0.0,0.0,0.0,-0.2,0.0,0.0,0.0,13.0,0.0,0.0,0.0,0.213,0.0,0.0,0.0,0.011,0.0,0.0,0.0,1.0,0.0,0.0,0.0,5.0,0.0,0.0,0.0,0.066,0.0,0.0,0.0,0.267,0.0,0.0,0.0,30.0,0.0,0.0,0.0,13.0,0.0,0.0,0.0,17.0,0.0,0.0,0.0,6.0,0.0,0.0,0.0,2.0,0.0,0.0,0.0,4.0,0.0,0.0,0.0,0.2,0.0,0.0,0.0,0.154,0.0,0.0,0.0,0.235,0.0,0.0,0.0,8.0,0.0,0.0,0.0,4.0,0.0,0.0,0.0,0.5,0.0,0.0,0.0,11.0,0.0,0.0,0.0,0.0,0.0,0.0,0.0,81.0,0.0,0.0,0.0,2.0,0.0,0.0,0.0,0.0279999999999999,0.0,0.0,0.0,20.0,0.0,0.0,0.0,4.0,0.0,0.0,0.0,0.024,0.0,0.0,0.0,6.0,0.0,0.0,0.0,7.0,0.0,0.0,0.0,0.048,0.0,0.0,0.0,5.0,0.0,0.0,0.0,0.13,0.0,0.0,0.0,0.209,0.0,0.0,0,53.0
22,1628987,0.0,-5.1,0.0,0.0,0.0,-1.1,0.0,0.0,0.0,0.1,0.0,0.0,0.0,0.0,0.0,0.0,0.0,-4.0,0.0,0.0,0.0,-0.2,0.0,0.0,0.0,5.0,0.0,0.0,0.0,0.0,0.0,0.0,0.0,-0.1,0.0,0.0,0.0,5.0,0.0,0.0,0.0,0.139,0.0,0.0,0.0,0.017,0.0,0.0,0.0,1.0,0.0,0.0,0.0,11.0,0.0,0.0,0.0,0.2270000000000000,0.0,0.0,0.0,0.315,0.0,0.0,0.0,27.0,0.0,0.0,0.0,7.0,0.0,0.0,0.0,20.0,0.0,0.0,0.0,7.0,0.0,0.0,0.0,4.0,0.0,0.0,0.0,3.0,0.0,0.0,0.0,0.259,0.0,0.0,0.0,0.571,0.0,0.0,0.0,0.15,0.0,0.0,0.0,0.0,0.0,0.0,0.0,0.0,0.0,0.0,0.0,0.0,0.0,0.0,0.0,10.0,0.0,0.0,0.0,0.0,0.0,0.0,0.0,52.0,0.0,0.0,0.0,1.0,0.0,0.0,0.0,0.022,0.0,0.0,0.0,17.0,0.0,0.0,0.0,1.0,0.0,0.0,0.0,0.009,0.0,0.0,0.0,4.0,0.0,0.0,0.0,12.0,0.0,0.0,0.0,0.127,0.0,0.0,0.0,0.0,0.0,0.0,0.0,0.0,0.0,0.0,0.0,0.228,0.0,0.0,0,57.0
23,1628988,-1.6,-1.6,-4.1,-1.4500000000000000,0.1,0.0,-1.0,0.3,0.8,1.7,0.8,0.45,0.191,0.155,0.19,0.21500000000000000,-1.7,-1.6,-3.2,-1.7,0.1,0.4,-0.6,0.25,11.9,11.6,9.2,13.100000000000000,0.1,0.2,-0.6,0.05,0.9,2.1,0.2,0.7,87.0,225.0,123.0,76.5,0.193,0.191,0.14,0.22250000000000000,0.018,0.009,0.009,0.006,13.0,16.0,13.0,4.5,62.0,134.0,74.0,49.0,0.104,0.09,0.068,0.10600000000000000,0.483,0.491,0.467,0.4985,262.0,563.0,436.0,169.0,135.0,342.0,254.0,117.5,127.0,221.0,182.0,51.5,105.0,233.0,170.0,75.5,62.0,146.0,103.0,56.0,43.0,87.0,67.0,19.5,0.401,0.414,0.39,0.439,0.459,0.427,0.406,0.461,0.339,0.394,0.368,0.3935,50.0,87.0,83.0,34.0,41.0,74.0,68.0,29.5,0.82,0.851,0.819,0.8695000000000000,50.0,66.0,66.0,31.5,0.0,33.0,8.0,7.5,646.0,1617.0,1176.0,510.5,5.0,22.0,15.0,12.0,0.009,0.015,0.0139999999999999,0.0305,294.0,627.0,475.0,200.0,21.0,55.0,46.0,21.0,0.016,0.017,0.018,0.021000000000000000,71.0,120.0,94.0,46.0,67.0,156.0,89.0,61.0,0.0579999999999999,0.053,0.0409999999999999,0.0689999999999999,40.0,88.0,66.0,33.5,0.123,0.128,0.123,0.1565,0.2190000000000000,0.187,0.195,0.19,0,23.0
24,1628989,-2.4,-1.6,-0.6,-1.2,-0.8,-0.9,0.1,-0.7,0.7,0.6,1.7,1.0,0.085,0.105,0.088,0.068,-1.6,-0.7,-0.7,-0.5,0.7,1.0,1.9,1.8,10.1,11.5,12.2,11.9,-0.2,0.2,0.8,0.4,1.5,1.6,3.6,2.8,214.0,213.0,241.0,203.0,0.145,0.175,0.163,0.132,0.011,0.013,0.0069999999999999,0.011,25.0,27.0,18.0,26.0,185.0,193.0,193.0,222.0,0.0969999999999999,0.12,0.0969999999999999,0.11,0.522,0.517,0.528,0.559,657.0,610.0,731.0,760.0,304.0,276.0,345.0,349.0,353.0,334.0,386.0,411.0,275.0,252.0,316.0,345.0,139.0,125.0,176.0,185.0,136.0,127.0,140.0,160.0,0.419,0.413,0.432,0.454,0.457,0.453,0.51,0.53,0.385,0.38,0.363,0.389,56.0,64.0,64.0,52.0,41.0,53.0,50.0,42.0,0.732,0.828,0.781,0.808,75.0,56.0,69.0,74.0,59.0,48.0,49.0,60.0,2048.0,1760.0,2126.0,2188.0,60.0,35.0,38.0,32.0,0.03,0.021,0.02,0.016,727.0,684.0,822.0,892.0,65.0,51.0,82.0,55.0,0.015,0.0139999999999999,0.019,0.012,155.0,139.0,165.0,185.0,245.0,228.0,231.0,254.0,0.063,0.07,0.06,0.064,109.0,87.0,79.0,91.0,0.138,0.12,0.094,0.104,0.157,0.171,0.172,0.175,0,19.0
25,1628990,-3.9,-2.6,-7.95,-8.5,-0.5,0.1,-0.7,-0.5,0.6,0.7,0.2,0.0,0.182,0.446,0.191,1.0,-3.4,-2.7,-7.25,-8.0,0.0,0.0,-0.2,-0.1,8.8,12.4,4.3,1.0,-0.4,-0.1,-0.15000000000000000,0.0,0.6,0.7,0.0,0.0,34.0,26.0,8.5,2.0,0.053,0.074,0.0695,0.105,0.006,0.013,0.0075,0.0,6.0,7.0,2.5,0.0,154.0,90.0,36.0,5.0,0.1890000000000000,0.198,0.26250000000000000,0.238,0.493,0.491,0.3735,0.5,209.0,175.0,51.5,2.0,159.0,137.0,40.5,2.0,50.0,38.0,11.0,0.0,96.0,80.0,19.5,1.0,82.0,68.0,15.5,1.0,14.0,12.0,4.0,0.0,0.459,0.457,0.339,0.5,0.516,0.496,0.33800000000000000,0.5,0.28,0.316,0.35050000000000000,0.0,38.0,78.0,12.5,2.0,23.0,46.0,10.5,2.0,0.605,0.59,0.913,1.0,44.0,28.0,12.5,6.0,14.0,10.0,0.5,0.0,895.0,527.0,173.0,22.0,31.0,18.0,3.0,0.0,0.037,0.036,0.0185,0.0,229.0,218.0,53.5,4.0,23.0,27.0,6.0,0.0,0.012,0.025,0.013,0.0,59.0,47.0,16.5,1.0,185.0,108.0,39.0,5.0,0.1120000000000000,0.113,0.141,0.122,25.0,27.0,10.0,4.0,0.1,0.114,0.1725,0.581,0.122,0.191,0.162,0.135,0,22.0
26,1628991,-0.3,0.4,-0.1,-0.1,1.0,0.1,0.6,0.8,2.2,1.8,0.5,3.7,0.334,0.247,0.336,0.333,-1.2,0.3,-0.7,-0.9,1.2,1.6,0.2,1.7,16.4,16.3,18.0,17.0,0.7,1.0,0.1,1.0,3.3,3.5,0.7,5.4,64.0,78.0,12.0,86.0,0.072,0.072,0.068,0.0579999999999999,0.051,0.05,0.063,0.074,82.0,92.0,18.0,177.0,199.0,207.0,45.0,335.0,0.15,0.132,0.187,0.1690000000000000,0.549,0.565,0.492,0.477,589.0,753.0,125.0,1036.0,447.0,385.0,65.0,635.0,142.0,368.0,60.0,401.0,298.0,353.0,53.0,430.0,247.0,208.0,36.0,302.0,51.0,145.0,17.0,128.0,0.506,0.469,0.424,0.415,0.553,0.54,0.554,0.476,0.359,0.394,0.283,0.319,197.0,186.0,42.0,345.0,151.0,139.0,35.0,284.0,0.766,0.747,0.833,0.823,58.0,57.0,11.0,78.0,56.0,57.0,4.0,78.0,1515.0,1622.0,258.0,2126.0,73.0,55.0,17.0,119.0,0.053,0.036,0.069,0.057,798.0,990.0,158.0,1272.0,52.0,40.0,12.0,73.0,0.017,0.012,0.022,0.016,220.0,232.0,42.0,272.0,272.0,262.0,62.0,454.0,0.1010000000000000,0.085,0.127,0.1120000000000000,98.0,99.0,15.0,130.0,0.127,0.106,0.095,0.099,0.228,0.24,0.259,0.254,1,4.0
27,1628993,-7.7,-1.5,2.6,-8.333333333333330,-2.0,0.3,0.2,-3.966666666666670,0.1,0.2,0.3,0.03333333333333330,0.5,0.345,0.191,0.29033333333333300,-5.7,-1.8,2.4,-4.333333333333330,-0.1,0.1,0.6,0.0,6.3,13.3,23.5,10.6,-0.1,0.0,0.2,-0.06666666666666670,0.0,0.3,0.9,0.06666666666666670,1.0,7.0,14.0,3.0,0.02,0.077,0.109,0.045000000000000000,0.042,0.015,0.023,0.0,3.0,2.0,5.0,0.0,15.0,32.0,63.0,11.0,0.255,0.294,0.35,0.284,0.281,0.466,0.596,0.385,16.0,29.0,68.0,13.0,14.0,21.0,62.0,11.666666666666700,2.0,8.0,6.0,1.3333333333333300,4.0,12.0,40.0,5.666666666666670,3.0,9.0,39.0,5.666666666666670,1.0,3.0,1.0,0.0,0.25,0.414,0.588,0.385,0.214,0.429,0.629,0.457,0.5,0.375,0.167,0.0,8.0,10.0,13.0,4.0,4.0,7.0,13.0,2.3333333333333300,0.5,0.7,1.0,0.4403333333333330,14.0,17.0,18.0,7.666666666666670,0.0,1.0,0.0,0.0,64.0,118.0,189.0,55.666666666666700,4.0,16.0,27.0,9.333333333333330,0.071,0.15,0.166,0.24466666666666700,13.0,34.0,94.0,13.666666666666700,1.0,3.0,5.0,1.6666666666666700,0.008,0.012,0.013,0.015666666666666700,7.0,12.0,16.0,6.0,19.0,48.0,90.0,20.333333333333300,0.165,0.223,0.263,0.2643333333333330,0.0,7.0,9.0,4.0,0.0,0.173,0.109,0.21033333333333300,0.133,0.15,0.191,0.18433333333333300,0,50.0
28,1628994,-7.9,0.0,0.0,-20.1,-2.1,0.0,0.0,-3.5,0.0,0.0,0.0,0.0,0.0,0.0,0.0,0.4,-5.8,0.0,0.0,-16.5,0.0,0.0,0.0,-0.1,1.9,0.0,0.0,-12.3,0.0,0.0,0.0,-0.1,0.0,0.0,0.0,-0.1,0.0,0.0,0.0,0.0,0.0,0.0,0.0,0.0,0.0,0.0,0.0,0.0,0.0,0.0,0.0,0.0,1.0,0.0,0.0,5.0,0.188,0.0,0.0,0.293,0.0,0.0,0.0,0.0,0.0,0.0,0.0,5.0,0.0,0.0,0.0,1.0,0.0,0.0,0.0,4.0,0.0,0.0,0.0,0.0,0.0,0.0,0.0,0.0,0.0,0.0,0.0,0.0,0.0,0.0,0.0,0.0,0.0,0.0,0.0,0.0,0.0,0.0,0.0,0.0,0.0,0.0,0.0,2.0,0.0,0.0,0.0,1.0,0.0,0.0,0.0,0.5,1.0,0.0,0.0,4.0,0.0,0.0,0.0,0.0,6.0,0.0,0.0,19.0,0.0,0.0,0.0,0.0,0.0,0.0,0.0,0.0,0.0,0.0,0.0,1.0,0.0,0.0,0.0,0.0,0.0,0.0,0.0,0.0,0.0,0.0,0.0,4.0,1.0,0.0,0.0,5.0,0.092,0.0,0.0,0.146,0.0,0.0,0.0,1.0,0.0,0.0,0.0,0.145,0.0,0.0,0.0,0.163,0,59.0
29,1628995,-5.7,-4.2,-1.7,-4.15,-2.3,-1.1,-0.2,-2.2,0.9,0.7,0.6,0.1,0.247,0.252,0.14,0.2585,-3.4,-3.1,-1.5,-1.9500000000000000,-2.2,-0.5,0.0,0.0,8.7,8.3,9.1,10.85,-2.0,-0.7,0.0,-0.05,-1.3,0.2,0.6,0.1,82.0,61.0,19.0,5.0,0.06,0.074,0.059,0.065,0.009,0.023,0.012,0.0085,24.0,28.0,6.0,1.0,274.0,156.0,51.0,15.0,0.136,0.147,0.118,0.14750000000000000,0.438,0.44,0.514,0.4555,914.0,401.0,143.0,42.5,550.0,202.0,54.0,15.5,364.0,199.0,89.0,27.0,338.0,144.0,56.0,15.5,213.0,79.0,21.0,8.0,125.0,65.0,35.0,7.5,0.37,0.359,0.392,0.3655,0.387,0.391,0.389,0.498,0.343,0.327,0.393,0.27450000000000000,226.0,101.0,20.0,11.0,162.0,66.0,16.0,8.0,0.717,0.653,0.8,0.725,75.0,65.0,42.0,15.0,57.0,4.0,0.0,0.0,2158.0,1166.0,464.0,111.0,61.0,28.0,10.0,7.0,0.0289999999999999,0.025,0.024,0.0675,963.0,419.0,163.0,46.5,43.0,23.0,12.0,2.0,0.01,0.01,0.013,0.009,175.0,106.0,37.0,9.5,335.0,184.0,61.0,22.0,0.081,0.084,0.071,0.1075,114.0,45.0,17.0,3.5,0.1010000000000000,0.092,0.1010000000000000,0.06950000000000000,0.223,0.178,0.162,0.2005,0,9.0
30,1628999,-9.2,0.0,0.0,0.0,-1.6,0.0,0.0,0.0,0.0,0.0,0.0,0.0,0.0,0.0,0.0,0.0,-7.5,0.0,0.0,0.0,0.0,0.0,0.0,0.0,5.7,0.0,0.0,0.0,0.0,0.0,0.0,0.0,0.0,0.0,0.0,0.0,0.0,0.0,0.0,0.0,0.0,0.0,0.0,0.0,0.0,0.0,0.0,0.0,0.0,0.0,0.0,0.0,2.0,0.0,0.0,0.0,0.1640000000000000,0.0,0.0,0.0,0.25,0.0,0.0,0.0,4.0,0.0,0.0,0.0,3.0,0.0,0.0,0.0,1.0,0.0,0.0,0.0,1.0,0.0,0.0,0.0,1.0,0.0,0.0,0.0,0.0,0.0,0.0,0.0,0.25,0.0,0.0,0.0,0.333,0.0,0.0,0.0,0.0,0.0,0.0,0.0,0.0,0.0,0.0,0.0,0.0,0.0,0.0,0.0,0.0,0.0,0.0,0.0,2.0,0.0,0.0,0.0,0.0,0.0,0.0,0.0,13.0,0.0,0.0,0.0,1.0,0.0,0.0,0.0,0.0819999999999999,0.0,0.0,0.0,2.0,0.0,0.0,0.0,1.0,0.0,0.0,0.0,0.038,0.0,0.0,0.0,0.0,0.0,0.0,0.0,3.0,0.0,0.0,0.0,0.123,0.0,0.0,0.0,0.0,0.0,0.0,0.0,0.0,0.0,0.0,0.0,0.132,0.0,0.0,0.0,0,100.0
31,1629001,-2.7,-0.2,2.0,1.9,1.1,2.0,1.4,1.6,0.8,1.7,1.5,2.8,0.109,0.302,0.13,0.173,-3.8,-2.2,0.6,0.3,-0.8,0.1,0.7,0.9,9.9,13.5,15.2,15.2,-0.2,0.5,1.0,1.6,0.0,1.7,2.2,3.7,159.0,175.0,132.0,194.0,0.223,0.201,0.175,0.16,0.019,0.015,0.027,0.021,23.0,20.0,31.0,39.0,109.0,177.0,131.0,264.0,0.125,0.157,0.134,0.171,0.447,0.451,0.548,0.504,256.0,401.0,393.0,695.0,161.0,261.0,182.0,323.0,95.0,140.0,211.0,372.0,100.0,161.0,172.0,281.0,71.0,121.0,85.0,142.0,29.0,40.0,87.0,139.0,0.391,0.401,0.438,0.404,0.441,0.464,0.467,0.44,0.305,0.286,0.412,0.374,28.0,121.0,51.0,120.0,21.0,93.0,41.0,90.0,0.75,0.769,0.804,0.75,50.0,60.0,52.0,73.0,31.0,8.0,1.0,15.0,984.0,1167.0,1045.0,1657.0,25.0,43.0,30.0,64.0,0.0279999999999999,0.04,0.03,0.04,250.0,455.0,472.0,791.0,68.0,77.0,60.0,104.0,0.033,0.031,0.027,0.03,113.0,109.0,85.0,128.0,134.0,220.0,161.0,328.0,0.075,0.099,0.0819999999999999,0.104,75.0,84.0,66.0,112.0,0.218,0.156,0.1370000000000000,0.13,0.15,0.192,0.195,0.213,0,46.0
32,1629002,-8.7,1.8,-3.9,-1.5,-1.4,-0.1,-1.7,0.1,0.2,0.1,0.3,1.4,0.293,0.31,0.24,0.203,-7.3,1.9,-2.3,-1.6,-0.5,0.2,0.3,0.1,6.4,22.2,14.5,13.4,-0.2,0.1,-0.2,0.2,-0.3,0.3,0.6,1.5,13.0,10.0,28.0,60.0,0.12,0.149,0.0819999999999999,0.069,0.012,0.05,0.031,0.022,2.0,6.0,18.0,32.0,27.0,21.0,81.0,301.0,0.201,0.216,0.187,0.259,0.328,0.571,0.545,0.516,58.0,42.0,179.0,449.0,56.0,40.0,142.0,263.0,2.0,2.0,37.0,186.0,19.0,24.0,91.0,203.0,19.0,24.0,78.0,146.0,0.0,0.0,13.0,57.0,0.328,0.571,0.508,0.452,0.339,0.6,0.549,0.555,0.0,0.0,0.351,0.306,17.0,13.0,43.0,91.0,13.0,10.0,31.0,71.0,0.765,0.769,0.721,0.78,29.0,18.0,36.0,60.0,0.0,0.0,6.0,20.0,145.0,105.0,488.0,1279.0,9.0,12.0,31.0,34.0,0.068,0.123,0.07,0.0289999999999999,51.0,58.0,226.0,534.0,6.0,3.0,14.0,51.0,0.02,0.0139999999999999,0.0139999999999999,0.019,14.0,7.0,59.0,93.0,36.0,33.0,112.0,335.0,0.135,0.1690000000000000,0.127,0.143,15.0,10.0,29.0,61.0,0.186,0.173,0.128,0.111,0.244,0.237,0.2,0.185,0,49.0
33,1629003,-3.2,-1.0,-2.1,-2.2,-0.6,-1.0,-1.2,-0.6,0.3,0.7,1.6,1.0,0.08,0.235,0.264,0.181,-2.6,0.0,-0.9,-1.6,0.1,1.4,1.1,0.7,9.3,14.4,14.6,11.9,-0.1,0.2,0.0,-0.1,0.3,2.1,2.8,1.7,18.0,104.0,193.0,139.0,0.092,0.188,0.203,0.176,0.023,0.0069999999999999,0.011,0.013,8.0,7.0,18.0,17.0,26.0,73.0,115.0,112.0,0.1,0.1,0.085,0.104,0.471,0.588,0.503,0.483,87.0,277.0,667.0,403.0,43.0,142.0,464.0,270.0,44.0,135.0,203.0,133.0,34.0,134.0,300.0,173.0,20.0,76.0,229.0,130.0,14.0,58.0,71.0,43.0,0.391,0.484,0.45,0.429,0.465,0.535,0.494,0.481,0.318,0.43,0.35,0.323,7.0,65.0,176.0,73.0,5.0,51.0,146.0,61.0,0.714,0.785,0.83,0.836,20.0,40.0,63.0,55.0,0.0,24.0,4.0,6.0,268.0,805.0,1461.0,1179.0,9.0,15.0,33.0,30.0,0.037,0.021,0.025,0.0289999999999999,87.0,377.0,817.0,450.0,8.0,20.0,39.0,28.0,0.0139999999999999,0.012,0.013,0.012,29.0,92.0,130.0,99.0,35.0,88.0,148.0,142.0,0.069,0.06,0.0559999999999999,0.067,6.0,47.0,103.0,44.0,0.062,0.133,0.122,0.092,0.15,0.1890000000000000,0.249,0.183,0,54.0
34,1629004,-2.85,-1.9,-2.8,-2.9,-1.1,-1.2,-0.9500000000000000,-0.2,0.15,0.6,0.55,0.7,0.076,0.173,0.10300000000000000,0.158,-1.7500000000000000,-0.7,-1.9,-2.7,-0.2,1.0,-0.4,0.1,7.800000000000000,11.2,10.400000000000000,9.6,-0.15,0.0,-0.15,-0.2,-0.05,1.6,0.10000000000000000,0.8,18.5,106.0,55.0,45.0,0.19300000000000000,0.123,0.129,0.088,0.001,0.003,0.008,0.005,0.5,4.0,6.0,4.0,13.5,87.0,69.5,72.0,0.06,0.079,0.11400000000000000,0.115,0.40550000000000000,0.552,0.5135000000000000,0.476,70.0,405.0,253.0,234.0,25.5,120.0,96.0,100.0,44.5,285.0,157.0,134.0,23.0,166.0,104.0,91.0,8.5,51.0,51.5,50.0,14.5,115.0,52.5,41.0,0.2915,0.41,0.4075,0.389,0.181,0.425,0.531,0.5,0.40900000000000000,0.404,0.3345,0.306,10.0,70.0,25.0,37.0,6.0,57.0,19.0,32.0,0.3,0.814,0.75,0.865,21.0,56.0,33.0,56.0,0.0,27.0,7.0,5.0,220.0,1265.0,662.0,716.0,4.5,17.0,12.0,20.0,0.0365,0.015,0.019,0.0289999999999999,66.5,504.0,279.5,255.0,7.0,41.0,25.5,26.0,0.01950000000000000,0.016,0.019000000000000000,0.018,12.5,87.0,31.5,54.0,18.0,104.0,81.5,92.0,0.0485,0.047,0.066,0.07,10.5,61.0,44.0,32.0,0.1175,0.123,0.143,0.113,0.17650000000000000,0.171,0.2,0.1690000000000000,0,47.0
35,1629005,0.0,-25.7,0.0,6.4,0.0,-11.2,0.0,0.1,0.0,0.0,0.0,0.0,0.0,1.0,0.0,0.4,0.0,-14.5,0.0,6.3,0.0,0.0,0.0,0.0,0.0,-11.4,0.0,28.6,0.0,0.0,0.0,0.0,0.0,0.0,0.0,0.0,0.0,0.0,0.0,1.0,0.0,0.0,0.0,0.278,0.0,0.0,0.0,0.0,0.0,0.0,0.0,0.0,0.0,0.0,0.0,1.0,0.0,0.0,0.0,0.135,0.0,0.0,0.0,0.6,0.0,2.0,0.0,5.0,0.0,1.0,0.0,4.0,0.0,1.0,0.0,1.0,0.0,0.0,0.0,3.0,0.0,0.0,0.0,3.0,0.0,0.0,0.0,0.0,0.0,0.0,0.0,0.6,0.0,0.0,0.0,0.75,0.0,0.0,0.0,0.0,0.0,2.0,0.0,2.0,0.0,2.0,0.0,2.0,0.0,1.0,0.0,1.0,0.0,1.0,0.0,1.0,0.0,0.0,0.0,0.0,0.0,4.0,0.0,8.0,0.0,0.0,0.0,0.0,0.0,0.0,0.0,0.0,0.0,2.0,0.0,8.0,0.0,0.0,0.0,0.0,0.0,0.0,0.0,0.0,0.0,0.0,0.0,0.0,0.0,0.0,0.0,1.0,0.0,0.0,0.0,0.069,0.0,1.0,0.0,1.0,0.0,0.258,0.0,0.145,0.0,0.415,0.0,0.381,0,100.0
36,1629006,-3.1,-2.4,-3.7,-2.7,0.4,0.0,0.1,0.9,1.4,1.2,0.8,0.5,0.319,0.48,0.425,0.49,-3.5,-2.4,-3.9,-3.7,-0.1,0.9,0.5,0.1,9.4,11.5,9.1,9.0,-0.5,-0.2,-0.5,-0.1,1.2,2.2,1.3,0.7,91.0,99.0,63.0,25.0,0.069,0.089,0.07,0.062,0.016,0.0139999999999999,0.02,0.022,33.0,26.0,28.0,12.0,177.0,181.0,93.0,41.0,0.109,0.128,0.087,0.087,0.445,0.479,0.459,0.471,508.0,398.0,254.0,104.0,293.0,244.0,146.0,57.0,215.0,154.0,108.0,47.0,196.0,170.0,102.0,42.0,136.0,129.0,73.0,28.0,60.0,41.0,29.0,14.0,0.386,0.427,0.402,0.404,0.464,0.529,0.5,0.491,0.279,0.266,0.269,0.298,162.0,191.0,108.0,51.0,118.0,152.0,83.0,35.0,0.728,0.796,0.769,0.686,74.0,62.0,59.0,49.0,52.0,28.0,37.0,6.0,1757.0,1547.0,1197.0,516.0,41.0,87.0,63.0,29.0,0.025,0.057,0.055,0.059,570.0,533.0,316.0,133.0,88.0,68.0,54.0,26.0,0.024,0.02,0.021,0.024,166.0,139.0,123.0,53.0,218.0,268.0,156.0,70.0,0.066,0.091,0.071,0.073,63.0,87.0,43.0,23.0,0.098,0.153,0.125,0.154,0.154,0.151,0.121,0.121,0,20.0
37,1629008,0.0,1.5,3.0,-3.5,0.0,-0.8,-1.0,0.5,0.0,1.1,2.1,0.3,0.0,0.188,0.164,0.087,0.0,2.4,3.9,-3.9,0.0,1.8,4.8,-0.5,0.0,19.8,20.6,7.5,0.0,0.8,2.4,-0.1,0.0,2.9,6.9,-0.2,0.0,46.0,70.0,17.0,0.0,0.079,0.0559999999999999,0.089,0.0,0.026,0.0279999999999999,0.0069999999999999,0.0,25.0,54.0,2.0,0.0,193.0,354.0,50.0,0.0,0.239,0.209,0.204,0.0,0.59,0.646,0.408,0.0,383.0,817.0,103.0,0.0,236.0,435.0,55.0,0.0,147.0,382.0,48.0,0.0,195.0,443.0,37.0,0.0,133.0,273.0,27.0,0.0,62.0,170.0,10.0,0.0,0.509,0.542,0.359,0.0,0.564,0.628,0.491,0.0,0.422,0.445,0.208,0.0,72.0,134.0,9.0,0.0,60.0,106.0,5.0,0.0,0.833,0.791,0.556,0.0,55.0,61.0,9.0,0.0,8.0,54.0,9.0,0.0,903.0,1912.0,265.0,0.0,66.0,91.0,9.0,0.0,0.0819999999999999,0.054,0.039,0.0,512.0,1162.0,89.0,0.0,27.0,40.0,10.0,0.0,0.015,0.01,0.019,0.0,100.0,126.0,16.0,0.0,259.0,445.0,59.0,0.0,0.161,0.132,0.124,0.0,49.0,77.0,12.0,0.0,0.106,0.081,0.1010000000000000,0.0,0.223,0.217,0.1970000000000000,0,14.0
38,1629010,-4.7,-3.95,-7.6,0.0,-0.5,-0.15000000000000000,-1.1,0.0,0.3,0.4,0.3,0.0,0.082,0.179,0.211,0.0,-4.2,-3.75,-6.5,0.0,-0.2,-0.3,-0.7,0.0,7.2,7.300000000000000,4.1,0.0,-0.2,-0.2,-0.4,0.0,0.1,0.1,-0.4,0.0,19.0,43.5,25.0,0.0,0.083,0.1195,0.102,0.0,0.0069999999999999,0.0155,0.016,0.0,3.0,8.5,6.0,0.0,38.0,58.0,34.0,0.0,0.122,0.12750000000000000,0.118,0.0,0.482,0.4455,0.353,0.0,110.0,155.0,95.0,0.0,53.0,78.5,53.0,0.0,57.0,76.5,42.0,0.0,44.0,57.5,28.0,0.0,26.0,33.0,17.0,0.0,18.0,24.5,11.0,0.0,0.4,0.36750000000000000,0.295,0.0,0.491,0.41700000000000000,0.321,0.0,0.316,0.3165,0.262,0.0,9.0,28.5,20.0,0.0,6.0,20.0,16.0,0.0,0.667,0.671,0.8,0.0,33.0,31.5,17.0,0.0,0.0,3.0,6.0,0.0,320.0,489.5,305.0,0.0,3.0,6.5,4.0,0.0,0.01,0.014,0.0139999999999999,0.0,112.0,159.5,83.0,0.0,11.0,14.0,12.0,0.0,0.016,0.01350000000000000,0.018,0.0,46.0,56.0,31.0,0.0,41.0,64.5,38.0,0.0,0.068,0.07,0.066,0.0,13.0,24.5,19.0,0.0,0.102,0.1305,0.155,0.0,0.1670000000000000,0.16350000000000000,0.1670000000000000,0.0,0,13.0
39,1629011,2.5,2.9,0.9,2.2,2.4,1.4,1.1,1.2,2.2,2.0,1.7,3.2,0.464,0.434,0.301,0.528,0.1,1.6,-0.3,1.0,4.0,4.8,1.8,5.3,22.0,23.5,17.7,20.7,1.6,1.8,0.6,2.0,6.1,6.8,3.4,8.5,37.0,36.0,17.0,38.0,0.042,0.039,0.0289999999999999,0.032,0.1,0.08,0.05,0.071,161.0,119.0,45.0,133.0,246.0,242.0,139.0,322.0,0.1940000000000000,0.188,0.175,0.191,0.694,0.742,0.653,0.761,291.0,341.0,176.0,343.0,291.0,341.0,176.0,343.0,0.0,0.0,0.0,0.0,202.0,253.0,115.0,261.0,202.0,253.0,115.0,261.0,0.0,0.0,0.0,0.0,0.694,0.742,0.653,0.761,0.694,0.742,0.653,0.761,0.0,0.0,0.0,0.0,135.0,148.0,53.0,181.0,81.0,84.0,26.0,88.0,0.6,0.568,0.491,0.486,66.0,61.0,31.0,72.0,19.0,7.0,29.0,62.0,1360.0,1412.0,853.0,1848.0,177.0,186.0,113.0,295.0,0.133,0.1370000000000000,0.145,0.168,485.0,590.0,256.0,610.0,52.0,52.0,35.0,58.0,0.018,0.018,0.021,0.016,217.0,194.0,86.0,195.0,423.0,428.0,252.0,617.0,0.163,0.162,0.16,0.179,35.0,37.0,26.0,60.0,0.091,0.083,0.115,0.124,0.121,0.133,0.118,0.114,0,36.0
40,1629012,-4.7,-1.8,0.0,-4.1,-3.3,-2.1,-1.9,-0.6,-0.5,0.4,0.9,0.3,0.211,0.246,0.347,0.258,-1.4,0.3,1.9,-3.5,-0.1,2.1,2.6,-0.4,12.0,16.3,18.0,11.2,-1.8,0.1,1.0,-0.2,-0.6,2.5,3.5,-0.1,243.0,192.0,262.0,23.0,0.153,0.151,0.226,0.119,0.002,0.003,0.004,0.0,6.0,7.0,10.0,0.0,179.0,143.0,129.0,23.0,0.08,0.075,0.07,0.079,0.48,0.517,0.519,0.487,1206.0,1086.0,1105.0,151.0,910.0,831.0,841.0,106.0,296.0,255.0,264.0,45.0,519.0,513.0,525.0,68.0,400.0,416.0,427.0,57.0,119.0,97.0,98.0,11.0,0.43,0.472,0.475,0.45,0.44,0.501,0.508,0.538,0.402,0.38,0.371,0.244,255.0,267.0,383.0,39.0,214.0,226.0,312.0,29.0,0.839,0.846,0.815,0.744,82.0,65.0,60.0,11.0,72.0,65.0,60.0,11.0,2605.0,2143.0,2115.0,316.0,57.0,61.0,58.0,13.0,0.023,0.031,0.03,0.046,1371.0,1349.0,1460.0,176.0,44.0,65.0,62.0,10.0,0.008,0.015,0.0139999999999999,0.016,186.0,142.0,157.0,25.0,236.0,204.0,187.0,36.0,0.05,0.053,0.049,0.063,185.0,158.0,167.0,31.0,0.123,0.1160000000000000,0.1160000000000000,0.156,0.252,0.272,0.297,0.2790000000000000,0,8.0
41,1629013,-1.5500000000000000,-2.1,-2.5,-1.2,-1.35,-0.3,-1.5,-0.4,0.45000000000000000,1.1,0.6,1.5,0.17100000000000000,0.194,0.171,0.167,-0.15000000000000000,-1.8,-1.1,-0.9,1.35,1.5,1.2,1.1,11.0,8.5,10.3,10.2,0.05,0.0,-0.2,0.3,1.8,2.6,1.8,2.6,58.5,99.0,99.0,108.0,0.0945,0.091,0.093,0.0969999999999999,0.004,0.006,0.006,0.006,5.0,10.0,10.0,9.0,56.5,94.0,101.0,110.0,0.066,0.066,0.076,0.08,0.58,0.546,0.549,0.521,278.5,391.0,456.0,485.0,80.5,95.0,123.0,151.0,198.0,296.0,333.0,334.0,120.0,158.0,186.0,191.0,36.5,47.0,57.0,68.0,83.5,111.0,129.0,123.0,0.4275,0.404,0.408,0.394,0.4255,0.495,0.463,0.45,0.42700000000000000,0.375,0.387,0.368,46.5,76.0,78.0,81.0,37.5,65.0,66.0,68.0,0.8050000000000000,0.855,0.846,0.84,39.5,53.0,61.0,69.0,13.5,30.0,12.0,14.0,901.0,1452.0,1403.0,1437.0,10.5,6.0,11.0,16.0,0.012499999999999900,0.004,0.009,0.012,361.0,492.0,567.0,573.0,18.5,20.0,31.0,28.0,0.0095,0.0069999999999999,0.011,0.009,77.5,142.0,93.0,92.0,67.0,100.0,112.0,126.0,0.040000000000000000,0.036,0.044,0.047,22.5,42.0,48.0,41.0,0.07150000000000000,0.09,0.089,0.073,0.15,0.134,0.1670000000000000,0.168,0,26.0
42,1629014,-5.3,-4.5,-1.3,-0.7,-3.7,-1.9,-1.8,-2.7,0.0,0.1,0.3,-0.1,0.254,0.172,0.142,0.146,-1.5,-2.6,0.6,1.9,0.0,0.0,1.5,2.0,11.1,9.0,12.3,15.3,-0.1,-0.9,0.2,0.5,0.1,0.2,1.8,1.9,13.0,97.0,89.0,221.0,0.1370000000000000,0.092,0.114,0.222,0.0,0.006,0.006,0.004,0.0,10.0,8.0,6.0,10.0,127.0,126.0,125.0,0.074,0.091,0.125,0.085,0.524,0.469,0.569,0.555,63.0,536.0,401.0,797.0,34.0,310.0,119.0,355.0,29.0,226.0,282.0,442.0,28.0,214.0,168.0,353.0,18.0,139.0,48.0,174.0,10.0,75.0,120.0,179.0,0.444,0.399,0.419,0.443,0.529,0.448,0.403,0.49,0.345,0.332,0.426,0.405,16.0,92.0,57.0,116.0,9.0,76.0,46.0,103.0,0.563,0.826,0.807,0.888,20.0,70.0,64.0,57.0,1.0,4.0,0.0,30.0,141.0,1449.0,1104.0,1681.0,3.0,25.0,14.0,26.0,0.023,0.018,0.013,0.016,75.0,579.0,502.0,988.0,1.0,26.0,18.0,30.0,0.003,0.009,0.008,0.009,9.0,135.0,96.0,110.0,13.0,152.0,140.0,151.0,0.049,0.055,0.068,0.049,11.0,61.0,43.0,115.0,0.136,0.096,0.092,0.119,0.243,0.187,0.183,0.248,0,24.0
43,1629015,-5.0,-10.0,0.0,0.0,-2.2,0.8,0.0,0.0,0.1,0.1,0.0,0.0,0.235,0.364,0.0,0.0,-2.8,-10.8,0.0,0.0,0.0,-0.1,0.0,0.0,9.5,1.1,0.0,0.0,-0.1,-0.1,0.0,0.0,0.1,-0.1,0.0,0.0,10.0,2.0,0.0,0.0,0.123,0.0819999999999999,0.0,0.0,0.0139999999999999,0.0,0.0,0.0,2.0,0.0,0.0,0.0,10.0,2.0,0.0,0.0,0.093,0.069,0.0,0.0,0.5,0.273,0.0,0.0,34.0,11.0,0.0,0.0,18.0,8.0,0.0,0.0,16.0,3.0,0.0,0.0,14.0,3.0,0.0,0.0,8.0,3.0,0.0,0.0,6.0,0.0,0.0,0.0,0.412,0.273,0.0,0.0,0.444,0.375,0.0,0.0,0.375,0.0,0.0,0.0,8.0,4.0,0.0,0.0,6.0,2.0,0.0,0.0,0.75,0.5,0.0,0.0,6.0,7.0,0.0,0.0,2.0,0.0,0.0,0.0,111.0,32.0,0.0,0.0,3.0,0.0,0.0,0.0,0.0289999999999999,0.0,0.0,0.0,40.0,8.0,0.0,0.0,2.0,3.0,0.0,0.0,0.009,0.045,0.0,0.0,8.0,4.0,0.0,0.0,13.0,2.0,0.0,0.0,0.062,0.035,0.0,0.0,6.0,2.0,0.0,0.0,0.138,0.136,0.0,0.0,0.1640000000000000,0.1990000000000000,0.0,0.0,0,16.0
44,1629016,-1.2,-1.7,0.0,0.0,-0.7,-1.0,0.0,0.0,0.5,0.7,0.0,0.0,0.184,0.312,0.0,0.0,-0.5,-0.8,0.0,0.0,0.6,0.5,0.0,0.0,12.4,14.4,0.0,0.0,0.2,0.1,0.0,0.0,1.2,1.2,0.0,0.0,47.0,47.0,0.0,0.0,0.08,0.081,0.0,0.0,0.027,0.024,0.0,0.0,25.0,24.0,0.0,0.0,122.0,142.0,0.0,0.0,0.163,0.18,0.0,0.0,0.492,0.503,0.0,0.0,244.0,295.0,0.0,0.0,116.0,185.0,0.0,0.0,128.0,110.0,0.0,0.0,98.0,127.0,0.0,0.0,54.0,84.0,0.0,0.0,44.0,43.0,0.0,0.0,0.402,0.431,0.0,0.0,0.466,0.454,0.0,0.0,0.344,0.391,0.0,0.0,45.0,92.0,0.0,0.0,32.0,73.0,0.0,0.0,0.711,0.793,0.0,0.0,46.0,49.0,0.0,0.0,11.0,3.0,0.0,0.0,805.0,886.0,0.0,0.0,72.0,77.0,0.0,0.0,0.092,0.091,0.0,0.0,272.0,370.0,0.0,0.0,26.0,33.0,0.0,0.0,0.015,0.018,0.0,0.0,67.0,63.0,0.0,0.0,194.0,219.0,0.0,0.0,0.127,0.134,0.0,0.0,31.0,54.0,0.0,0.0,0.105,0.139,0.0,0.0,0.149,0.188,0.0,0.0,0,30.0
45,1629017,-5.0,-7.9,2.3,0.0,-0.1,-1.7,0.3,0.0,0.2,0.0,0.1,0.0,0.159,0.235,0.136,0.0,-4.9,-6.2,2.0,0.0,-0.2,-0.1,0.4,0.0,6.2,3.1,21.3,0.0,-0.2,-0.1,0.2,0.0,0.0,0.0,0.5,0.0,8.0,3.0,25.0,0.0,0.06,0.067,0.2690000000000000,0.0,0.022,0.0,0.035,0.0,5.0,0.0,6.0,0.0,16.0,0.0,11.0,0.0,0.093,0.0,0.08,0.0,0.391,0.441,0.553,0.0,69.0,17.0,66.0,0.0,34.0,3.0,39.0,0.0,35.0,14.0,27.0,0.0,22.0,5.0,32.0,0.0,12.0,0.0,23.0,0.0,10.0,5.0,9.0,0.0,0.319,0.294,0.485,0.0,0.353,0.0,0.59,0.0,0.286,0.357,0.333,0.0,11.0,4.0,9.0,0.0,7.0,2.0,9.0,0.0,0.636,0.5,1.0,0.0,26.0,8.0,5.0,0.0,0.0,0.0,2.0,0.0,195.0,61.0,153.0,0.0,4.0,1.0,7.0,0.0,0.022,0.018,0.047,0.0,61.0,17.0,82.0,0.0,7.0,3.0,9.0,0.0,0.018,0.024,0.0279999999999999,0.0,22.0,9.0,8.0,0.0,20.0,1.0,18.0,0.0,0.0559999999999999,0.009,0.063,0.0,4.0,3.0,6.0,0.0,0.051,0.138,0.079,0.0,0.172,0.156,0.211,0.0,0,38.0
46,1629018,-10.8,-0.3,-2.9,0.2,-4.2,-0.8,-2.0,0.3,0.1,0.3,0.35,2.5,0.14,0.102,0.131,0.188,-6.6,0.5,-0.9,-0.1,-0.3,2.2,0.5,3.1,3.6,12.9,11.850000000000000,14.7,-0.2,0.6,-0.15000000000000000,1.3,-0.2,2.5,0.85,5.6,5.0,61.0,40.0,141.0,0.062,0.063,0.0655,0.088,0.0139999999999999,0.01,0.00549999999999995,0.008,2.0,16.0,5.0,19.0,10.0,75.0,62.5,165.0,0.094,0.0579999999999999,0.08849999999999990,0.077,0.37,0.571,0.5045,0.511,50.0,441.0,392.5,1086.0,29.0,173.0,178.0,541.0,21.0,268.0,214.5,545.0,16.0,196.0,160.0,450.0,11.0,84.0,77.5,241.0,5.0,112.0,82.5,209.0,0.32,0.444,0.40450000000000000,0.414,0.379,0.486,0.4345,0.445,0.238,0.418,0.376,0.383,7.0,45.0,53.0,204.0,3.0,37.0,41.5,174.0,0.429,0.822,0.7895000000000000,0.853,15.0,61.0,29.0,70.0,1.0,8.0,19.0,69.0,111.0,1332.0,901.0,2448.0,1.0,25.0,13.5,26.0,0.01,0.02,0.0145,0.011,40.0,541.0,444.0,1283.0,1.0,48.0,28.0,122.0,0.004,0.017,0.015500000000000000,0.025,4.0,90.0,46.0,144.0,11.0,100.0,76.0,191.0,0.053,0.039,0.0505,0.042,4.0,21.0,21.5,73.0,0.07,0.044,0.0475,0.0579999999999999,0.217,0.153,0.21500000000000000,0.218,0,37.0
47,1629019,-3.1,-0.5,0.0,0.0,-1.5,-1.4,0.0,0.0,0.5,0.1,0.0,0.0,0.431,0.406,0.0,0.0,-1.6,0.9,0.0,0.0,0.4,0.5,0.0,0.0,12.2,14.5,0.0,0.0,-0.4,0.1,0.0,0.0,0.9,0.5,0.0,0.0,119.0,28.0,0.0,0.0,0.129,0.148,0.0,0.0,0.008,0.013,0.0,0.0,14.0,4.0,0.0,0.0,166.0,23.0,0.0,0.0,0.122,0.087,0.0,0.0,0.498,0.571,0.0,0.0,518.0,106.0,0.0,0.0,386.0,53.0,0.0,0.0,132.0,53.0,0.0,0.0,232.0,51.0,0.0,0.0,180.0,32.0,0.0,0.0,52.0,19.0,0.0,0.0,0.448,0.481,0.0,0.0,0.466,0.604,0.0,0.0,0.394,0.358,0.0,0.0,223.0,43.0,0.0,0.0,179.0,34.0,0.0,0.0,0.803,0.791,0.0,0.0,64.0,24.0,0.0,0.0,3.0,1.0,0.0,0.0,1459.0,291.0,0.0,0.0,31.0,6.0,0.0,0.0,0.022,0.021,0.0,0.0,695.0,155.0,0.0,0.0,28.0,3.0,0.0,0.0,0.009,0.005,0.0,0.0,117.0,29.0,0.0,0.0,197.0,29.0,0.0,0.0,0.071,0.053,0.0,0.0,116.0,22.0,0.0,0.0,0.158,0.15,0.0,0.0,0.215,0.214,0.0,0.0,0,100.0
48,1629020,-4.2,-5.85,-0.6,0.2,1.0,-0.95,1.0,1.0,0.1,0.05,1.5,2.9,0.526,1.0,0.432,0.363,-5.2,-4.9,-1.6,-0.8,-0.1,-0.05,1.6,3.1,12.4,9.15,16.2,15.3,0.0,0.0,0.4,1.1,0.1,0.0,3.1,6.0,3.0,1.0,76.0,94.0,0.059,0.033,0.093,0.067,0.013,0.0115,0.035,0.024,1.0,0.5,46.0,46.0,16.0,3.0,250.0,409.0,0.252,0.17750000000000000,0.247,0.239,0.474,0.357,0.608,0.59,19.0,4.0,236.0,361.0,18.0,3.5,231.0,347.0,1.0,0.5,5.0,14.0,9.0,2.5,143.0,212.0,9.0,2.5,142.0,210.0,0.0,0.0,1.0,2.0,0.474,0.357,0.606,0.587,0.5,0.357,0.615,0.605,0.0,0.0,0.2,0.143,10.0,1.0,102.0,131.0,6.0,1.0,57.0,86.0,0.6,0.5,0.559,0.656,17.0,5.5,64.0,74.0,0.0,0.0,30.0,67.0,69.0,23.0,1139.0,1880.0,7.0,1.5,118.0,215.0,0.109,0.04100000000000000,0.108,0.12,24.0,6.0,344.0,512.0,6.0,1.5,64.0,99.0,0.043,0.018,0.027,0.025,8.0,3.0,123.0,181.0,23.0,4.5,368.0,624.0,0.18,0.1075,0.175,0.178,8.0,3.5,53.0,73.0,0.255,0.25,0.159,0.148,0.1940000000000000,0.1515,0.123,0.109,0,41.0
49,1629021,-4.3,-2.3,-5.233333333333330,1.6,-0.4,-0.3,-0.26666666666666700,0.1,0.5,0.6,0.26666666666666700,1.0,0.31,0.357,0.308,0.326,-3.9,-2.0,-4.966666666666670,1.5,-0.3,1.1,0.16666666666666700,1.8,10.1,15.1,8.633333333333330,18.1,-0.3,-0.1,0.0,0.9,0.2,1.7,0.40000000000000000,2.8,24.0,56.0,16.666666666666700,87.0,0.074,0.098,0.10133333333333300,0.154,0.024,0.02,0.020666666666666600,0.012,13.0,19.0,6.0,13.0,68.0,163.0,39.666666666666700,190.0,0.154,0.222,0.20800000000000000,0.21,0.48,0.592,0.47100000000000000,0.581,171.0,266.0,76.33333333333330,396.0,94.0,186.0,46.0,195.0,77.0,80.0,30.333333333333300,201.0,71.0,145.0,34.666666666666700,197.0,49.0,120.0,24.333333333333300,131.0,22.0,25.0,10.333333333333300,66.0,0.415,0.545,0.40100000000000000,0.497,0.521,0.645,0.4343333333333330,0.672,0.286,0.313,0.3383333333333330,0.328,53.0,95.0,29.0,129.0,43.0,78.0,23.666666666666700,104.0,0.811,0.821,0.7223333333333330,0.806,43.0,45.0,15.0,63.0,5.0,5.0,8.0,3.0,446.0,835.0,240.66666666666700,960.0,17.0,56.0,9.0,42.0,0.04,0.07,0.043333333333333300,0.046,207.0,393.0,103.33333333333300,564.0,11.0,28.0,8.666666666666670,20.0,0.011,0.016,0.0113333333333333,0.01,57.0,152.0,36.0,123.0,85.0,219.0,48.666666666666700,232.0,0.098,0.143,0.12466666666666700,0.128,39.0,66.0,14.333333333333300,56.0,0.1670000000000000,0.177,0.204,0.11,0.217,0.186,0.17800000000000000,0.2290000000000000,0,25.0
50,1629022,-2.4,-3.5,-3.8,-2.5,1.0,-1.0,-1.7,-1.3,0.2,0.6,0.9,1.1,0.217,0.171,0.115,0.194,-3.4,-2.5,-2.2,-1.2,-0.1,-0.2,-0.5,0.1,10.8,10.5,9.8,12.3,0.0,-0.4,-0.7,-0.2,0.0,0.3,0.4,1.2,9.0,68.0,101.0,152.0,0.103,0.096,0.096,0.134,0.022,0.012,0.008,0.01,3.0,14.0,15.0,19.0,17.0,116.0,141.0,163.0,0.156,0.127,0.1010000000000000,0.107,0.402,0.483,0.502,0.48,46.0,357.0,609.0,764.0,33.0,256.0,327.0,411.0,13.0,101.0,282.0,353.0,16.0,152.0,256.0,311.0,11.0,111.0,156.0,200.0,5.0,41.0,100.0,111.0,0.348,0.426,0.42,0.407,0.333,0.434,0.477,0.487,0.385,0.406,0.355,0.314,10.0,61.0,70.0,148.0,8.0,44.0,57.0,116.0,0.8,0.721,0.814,0.784,17.0,61.0,60.0,70.0,0.0,12.0,38.0,6.0,118.0,988.0,1522.0,1612.0,0.0,23.0,14.0,18.0,0.0,0.025,0.01,0.012,45.0,389.0,669.0,849.0,7.0,32.0,29.0,44.0,0.0289999999999999,0.015,0.009,0.013,7.0,78.0,101.0,98.0,17.0,139.0,155.0,181.0,0.079,0.076,0.054,0.059,4.0,44.0,65.0,71.0,0.074,0.103,0.092,0.079,0.203,0.187,0.201,0.236,0,18.0
51,1629026,-1.9,-2.4,-0.3,-0.3,0.4,0.9,0.7,1.1,0.9,0.8,1.2,1.0,0.068,0.177,0.153,0.174,-2.3,-3.4,-1.1,-1.3,0.3,0.1,1.6,0.8,9.7,7.5,14.0,13.3,0.0,-0.1,0.6,0.5,1.2,0.9,2.8,1.8,83.0,57.0,152.0,108.0,0.095,0.084,0.1640000000000000,0.153,0.0139999999999999,0.021,0.011,0.009,19.0,21.0,17.0,10.0,164.0,135.0,189.0,145.0,0.155,0.173,0.14,0.141,0.477,0.432,0.596,0.525,279.0,147.0,411.0,317.0,123.0,50.0,294.0,196.0,156.0,97.0,117.0,121.0,107.0,51.0,219.0,146.0,55.0,26.0,167.0,105.0,52.0,25.0,52.0,41.0,0.384,0.347,0.533,0.461,0.447,0.52,0.568,0.536,0.333,0.258,0.444,0.339,19.0,26.0,63.0,55.0,13.0,9.0,36.0,30.0,0.684,0.346,0.571,0.545,46.0,39.0,66.0,49.0,29.0,18.0,13.0,0.0,1079.0,832.0,1426.0,1072.0,55.0,51.0,84.0,75.0,0.054,0.065,0.061,0.071,279.0,136.0,526.0,363.0,45.0,27.0,55.0,44.0,0.019,0.015,0.018,0.02,95.0,88.0,143.0,81.0,219.0,186.0,273.0,220.0,0.105,0.119,0.1,0.105,36.0,22.0,76.0,46.0,0.111,0.122,0.148,0.119,0.123,0.089,0.153,0.156,0,100.0
52,1629027,-0.6,3.9,3.6,5.2,-2.8,-2.3,-1.7,-2.0,0.7,0.6,1.3,1.0,0.33,0.448,0.491,0.358,2.3,6.2,5.4,7.1,2.5,5.3,5.9,9.0,17.0,23.9,23.0,25.4,0.9,3.1,3.0,4.8,3.3,5.9,7.2,10.0,653.0,560.0,594.0,737.0,0.405,0.456,0.455,0.467,0.005,0.003,0.005,0.002,15.0,8.0,12.0,7.0,237.0,223.0,207.0,234.0,0.102,0.115,0.105,0.096,0.48,0.519,0.499,0.536,1256.0,1249.0,1112.0,1544.0,774.0,681.0,715.0,934.0,482.0,568.0,397.0,610.0,525.0,546.0,487.0,711.0,369.0,341.0,351.0,478.0,156.0,205.0,136.0,233.0,0.418,0.437,0.438,0.46,0.477,0.501,0.491,0.512,0.324,0.361,0.343,0.382,414.0,559.0,546.0,553.0,343.0,481.0,484.0,500.0,0.829,0.86,0.886,0.904,81.0,60.0,63.0,76.0,81.0,60.0,63.0,76.0,2503.0,2120.0,2125.0,2652.0,64.0,32.0,38.0,50.0,0.026,0.016,0.02,0.021,1549.0,1778.0,1594.0,2155.0,72.0,65.0,53.0,72.0,0.013,0.0139999999999999,0.012,0.013,140.0,104.0,111.0,128.0,301.0,255.0,245.0,284.0,0.063,0.065,0.063,0.059,308.0,289.0,261.0,303.0,0.176,0.162,0.162,0.145,0.284,0.349,0.33,0.344,1,5.0
53,1629028,0.2,0.4,0.9,2.8,-1.1,-0.4,0.0,0.6,1.7,1.6,3.1,3.1,0.217,0.157,0.252,0.204,1.3,0.8,0.9,2.2,4.1,1.5,5.3,4.1,20.5,20.0,20.3,21.9,1.2,0.7,1.6,2.1,5.8,3.1,8.4,7.3,125.0,72.0,99.0,84.0,0.096,0.0969999999999999,0.068,0.076,0.026,0.0409999999999999,0.034,0.021,67.0,58.0,81.0,40.0,506.0,289.0,499.0,444.0,0.261,0.263,0.263,0.271,0.585,0.548,0.629,0.639,870.0,568.0,687.0,697.0,866.0,555.0,667.0,678.0,4.0,13.0,20.0,19.0,509.0,310.0,430.0,442.0,509.0,307.0,426.0,435.0,0.0,3.0,4.0,7.0,0.585,0.546,0.626,0.634,0.588,0.553,0.639,0.642,0.0,0.231,0.2,0.368,189.0,89.0,173.0,142.0,141.0,67.0,133.0,106.0,0.746,0.753,0.769,0.746,71.0,38.0,69.0,58.0,70.0,32.0,69.0,58.0,2183.0,1236.0,2115.0,1713.0,223.0,147.0,228.0,149.0,0.111,0.13,0.124,0.096,1159.0,690.0,997.0,997.0,61.0,26.0,41.0,40.0,0.013,0.01,0.01,0.011,209.0,117.0,196.0,142.0,729.0,436.0,727.0,593.0,0.185,0.196,0.195,0.186,126.0,80.0,103.0,91.0,0.1170000000000000,0.1160000000000000,0.119,0.107,0.212,0.237,0.182,0.214,0,1.0
54,1629029,3.9,8.4,6.7,8.2,0.3,1.0,0.6,1.8,2.8,2.3,2.6,3.8,0.409,0.448,0.349,0.349,3.6,7.4,6.1,6.4,2.1,6.5,5.1,3.8,19.6,27.6,25.3,25.1,3.4,5.4,5.0,5.9,4.9,8.8,7.7,7.6,429.0,538.0,567.0,568.0,0.316,0.457,0.441,0.46,0.009,0.006,0.015,0.0139999999999999,25.0,14.0,36.0,36.0,477.0,495.0,473.0,537.0,0.2190000000000000,0.25,0.2290000000000000,0.26,0.497,0.531,0.55,0.529,1186.0,1255.0,1351.0,1403.0,672.0,714.0,803.0,834.0,514.0,541.0,548.0,569.0,506.0,581.0,647.0,641.0,338.0,410.0,455.0,440.0,168.0,171.0,192.0,201.0,0.427,0.463,0.479,0.457,0.503,0.574,0.567,0.528,0.327,0.316,0.35,0.353,485.0,562.0,471.0,489.0,346.0,426.0,344.0,364.0,0.713,0.758,0.73,0.744,72.0,61.0,66.0,65.0,72.0,61.0,66.0,65.0,2318.0,2047.0,2262.0,2301.0,86.0,78.0,54.0,56.0,0.04,0.0409999999999999,0.027,0.027,1526.0,1759.0,1830.0,1847.0,77.0,62.0,64.0,75.0,0.016,0.015,0.0139999999999999,0.016,137.0,153.0,152.0,145.0,563.0,573.0,527.0,593.0,0.13,0.147,0.128,0.143,247.0,260.0,281.0,292.0,0.15,0.148,0.153,0.153,0.305,0.368,0.36,0.374,1,3.0
55,1629033,-3.2,-7.0,-16.5,-0.5,0.4,-0.2,-2.9,1.0,0.2,0.4,0.0,0.2,0.301,0.103,0.0,0.256,-3.6,-6.8,-13.6,-1.5,-0.2,-1.0,-0.2,0.2,8.1,5.2,-8.1,11.9,-0.1,-0.5,-0.1,0.1,0.0,-0.6,-0.1,0.4,21.0,56.0,1.0,17.0,0.141,0.217,0.037,0.159,0.0,0.009,0.0,0.012,0.0,4.0,0.0,2.0,32.0,44.0,5.0,19.0,0.159,0.122,0.158,0.143,0.425,0.339,0.111,0.487,73.0,155.0,9.0,39.0,27.0,75.0,1.0,9.0,46.0,80.0,8.0,30.0,25.0,45.0,1.0,14.0,13.0,30.0,1.0,4.0,12.0,15.0,0.0,10.0,0.342,0.29,0.111,0.359,0.481,0.4,1.0,0.444,0.261,0.188,0.0,0.333,22.0,16.0,0.0,10.0,19.0,15.0,0.0,10.0,0.864,0.938,0.0,1.0,18.0,33.0,17.0,19.0,0.0,0.0,0.0,0.0,211.0,365.0,34.0,148.0,4.0,10.0,0.0,2.0,0.02,0.0289999999999999,0.0,0.015,81.0,120.0,2.0,48.0,6.0,17.0,0.0,5.0,0.0139999999999999,0.022,0.0,0.017,15.0,35.0,4.0,12.0,36.0,54.0,5.0,21.0,0.09,0.077,0.08,0.079,18.0,33.0,1.0,5.0,0.179,0.1690000000000000,0.1,0.103,0.2,0.223,0.131,0.147,0,100.0
56,1629034,-8.85,0.0,-10.4,0.0,-2.9,0.0,-1.4,0.0,0.1,0.0,0.0,0.0,0.1275,0.0,0.5,0.0,-5.9,0.0,-8.9,0.0,0.0,0.0,-0.1,0.0,7.35,0.0,0.8,0.0,-0.05,0.0,0.0,0.0,0.1,0.0,-0.1,0.0,2.5,0.0,0.0,0.0,0.026,0.0,0.0,0.0,0.0225,0.0,0.094,0.0,4.0,0.0,2.0,0.0,16.5,0.0,2.0,0.0,0.1265,0.0,0.1170000000000000,0.0,0.266,0.0,0.5,0.0,23.5,0.0,4.0,0.0,22.0,0.0,3.0,0.0,1.5,0.0,1.0,0.0,12.5,0.0,2.0,0.0,12.5,0.0,2.0,0.0,0.0,0.0,0.0,0.0,0.266,0.0,0.5,0.0,0.284,0.0,0.667,0.0,0.0,0.0,0.0,0.0,6.0,0.0,2.0,0.0,2.0,0.0,0.0,0.0,0.1665,0.0,0.0,0.0,7.0,0.0,2.0,0.0,1.5,0.0,0.0,0.0,74.0,0.0,19.0,0.0,7.5,0.0,2.0,0.0,0.0555,0.0,0.108,0.0,27.0,0.0,4.0,0.0,4.5,0.0,0.0,0.0,0.01450000000000000,0.0,0.0,0.0,11.5,0.0,3.0,0.0,24.0,0.0,4.0,0.0,0.0905,0.0,0.1120000000000000,0.0,4.5,0.0,3.0,0.0,0.0735,0.0,0.381,0.0,0.0895,0.0,0.176,0.0,0,56.0
57,1629045,-3.5,0.0,0.0,0.0,-0.8,0.0,0.0,0.0,0.2,0.0,0.0,0.0,0.231,0.0,0.0,0.0,-2.6,0.0,0.0,0.0,0.0,0.0,0.0,0.0,12.9,0.0,0.0,0.0,0.0,0.0,0.0,0.0,0.2,0.0,0.0,0.0,3.0,0.0,0.0,0.0,0.04,0.0,0.0,0.0,0.009,0.0,0.0,0.0,1.0,0.0,0.0,0.0,22.0,0.0,0.0,0.0,0.215,0.0,0.0,0.0,0.397,0.0,0.0,0.0,39.0,0.0,0.0,0.0,18.0,0.0,0.0,0.0,21.0,0.0,0.0,0.0,13.0,0.0,0.0,0.0,8.0,0.0,0.0,0.0,5.0,0.0,0.0,0.0,0.333,0.0,0.0,0.0,0.444,0.0,0.0,0.0,0.238,0.0,0.0,0.0,9.0,0.0,0.0,0.0,8.0,0.0,0.0,0.0,0.889,0.0,0.0,0.0,8.0,0.0,0.0,0.0,2.0,0.0,0.0,0.0,98.0,0.0,0.0,0.0,8.0,0.0,0.0,0.0,0.088,0.0,0.0,0.0,39.0,0.0,0.0,0.0,5.0,0.0,0.0,0.0,0.024,0.0,0.0,0.0,3.0,0.0,0.0,0.0,30.0,0.0,0.0,0.0,0.155,0.0,0.0,0.0,3.0,0.0,0.0,0.0,0.065,0.0,0.0,0.0,0.196,0.0,0.0,0.0,0,100.0
58,1629053,-6.4,0.0,0.0,0.0,-4.8,0.0,0.0,0.0,0.0,0.0,0.0,0.0,0.0,0.0,0.0,0.0,-1.6,0.0,0.0,0.0,0.0,0.0,0.0,0.0,3.8,0.0,0.0,0.0,0.0,0.0,0.0,0.0,0.0,0.0,0.0,0.0,0.0,0.0,0.0,0.0,0.0,0.0,0.0,0.0,0.0,0.0,0.0,0.0,0.0,0.0,0.0,0.0,1.0,0.0,0.0,0.0,0.071,0.0,0.0,0.0,0.375,0.0,0.0,0.0,4.0,0.0,0.0,0.0,0.0,0.0,0.0,0.0,4.0,0.0,0.0,0.0,1.0,0.0,0.0,0.0,0.0,0.0,0.0,0.0,1.0,0.0,0.0,0.0,0.25,0.0,0.0,0.0,0.0,0.0,0.0,0.0,0.25,0.0,0.0,0.0,0.0,0.0,0.0,0.0,0.0,0.0,0.0,0.0,0.0,0.0,0.0,0.0,2.0,0.0,0.0,0.0,0.0,0.0,0.0,0.0,16.0,0.0,0.0,0.0,1.0,0.0,0.0,0.0,0.068,0.0,0.0,0.0,3.0,0.0,0.0,0.0,0.0,0.0,0.0,0.0,0.0,0.0,0.0,0.0,0.0,0.0,0.0,0.0,2.0,0.0,0.0,0.0,0.069,0.0,0.0,0.0,0.0,0.0,0.0,0.0,0.0,0.0,0.0,0.0,0.109,0.0,0.0,0.0,0,52.0
59,1629055,-37.6,0.0,0.0,0.0,-14.0,0.0,0.0,0.0,0.0,0.0,0.0,0.0,0.0,0.0,0.0,0.0,-23.6,0.0,0.0,0.0,0.0,0.0,0.0,0.0,-38.1,0.0,0.0,0.0,0.0,0.0,0.0,0.0,0.0,0.0,0.0,0.0,0.0,0.0,0.0,0.0,0.0,0.0,0.0,0.0,0.0,0.0,0.0,0.0,0.0,0.0,0.0,0.0,0.0,0.0,0.0,0.0,0.0,0.0,0.0,0.0,0.0,0.0,0.0,0.0,2.0,0.0,0.0,0.0,0.0,0.0,0.0,0.0,2.0,0.0,0.0,0.0,0.0,0.0,0.0,0.0,0.0,0.0,0.0,0.0,0.0,0.0,0.0,0.0,0.0,0.0,0.0,0.0,0.0,0.0,0.0,0.0,0.0,0.0,0.0,0.0,0.0,0.0,0.0,0.0,0.0,0.0,0.0,0.0,0.0,0.0,0.0,0.0,3.0,0.0,0.0,0.0,0.0,0.0,0.0,0.0,2.0,0.0,0.0,0.0,0.0,0.0,0.0,0.0,0.0,0.0,0.0,0.0,0.0,0.0,0.0,0.0,0.0,0.0,0.0,0.0,0.0,0.0,0.0,0.0,0.0,0.0,0.0,0.0,0.0,0.0,0.0,0.0,0.0,0.0,0.0,0.0,0.0,0.0,0.0,0.0,0.0,0.0,0.0,0.0,0.407,0.0,0.0,0.0,0,100.0
60,1629057,1.8,5.1,6.1,5.5,3.4,4.3,3.1,3.1,0.6,1.0,1.9,3.9,0.294,0.386,0.283,0.245,-1.7,0.8,3.0,2.4,0.5,1.1,3.4,6.0,18.8,23.1,25.7,22.1,0.3,0.7,2.0,3.4,1.2,2.0,5.3,9.9,7.0,27.0,94.0,121.0,0.033,0.1010000000000000,0.142,0.0969999999999999,0.125,0.084,0.086,0.068,40.0,35.0,91.0,134.0,54.0,88.0,225.0,350.0,0.204,0.24,0.256,0.205,0.706,0.727,0.721,0.736,51.0,88.0,258.0,368.0,51.0,88.0,256.0,367.0,0.0,0.0,2.0,1.0,36.0,64.0,186.0,271.0,36.0,64.0,186.0,271.0,0.0,0.0,0.0,0.0,0.706,0.727,0.721,0.736,0.706,0.727,0.727,0.738,0.0,0.0,0.0,0.0,15.0,34.0,73.0,90.0,9.0,22.0,45.0,65.0,0.6,0.647,0.616,0.722,32.0,29.0,52.0,61.0,2.0,1.0,13.0,61.0,283.0,388.0,985.0,1804.0,27.0,40.0,133.0,238.0,0.102,0.1120000000000000,0.149,0.146,81.0,150.0,417.0,607.0,9.0,22.0,43.0,56.0,0.015,0.027,0.021,0.015,36.0,51.0,105.0,137.0,81.0,128.0,358.0,588.0,0.153,0.177,0.2020000000000000,0.176,10.0,21.0,52.0,63.0,0.148,0.1690000000000000,0.152,0.134,0.103,0.136,0.15,0.115,0,27.0
61,1629058,-7.2,-4.4,0.0,0.0,-0.9,-0.9,0.0,0.0,0.0,0.5,0.0,0.0,0.091,0.349,0.0,0.0,-6.3,-3.5,0.0,0.0,-0.2,-0.3,0.0,0.0,5.8,9.4,0.0,0.0,-0.1,-0.3,0.0,0.0,-0.1,0.2,0.0,0.0,2.0,43.0,0.0,0.0,0.086,0.126,0.0,0.0,0.0,0.002,0.0,0.0,0.0,1.0,0.0,0.0,4.0,65.0,0.0,0.0,0.107,0.135,0.0,0.0,0.432,0.427,0.0,0.0,22.0,172.0,0.0,0.0,12.0,94.0,0.0,0.0,10.0,78.0,0.0,0.0,9.0,64.0,0.0,0.0,8.0,45.0,0.0,0.0,1.0,19.0,0.0,0.0,0.409,0.372,0.0,0.0,0.667,0.479,0.0,0.0,0.1,0.244,0.0,0.0,2.0,60.0,0.0,0.0,0.0,45.0,0.0,0.0,0.0,0.75,0.0,0.0,9.0,40.0,0.0,0.0,0.0,0.0,0.0,0.0,39.0,487.0,0.0,0.0,1.0,21.0,0.0,0.0,0.027,0.046,0.0,0.0,19.0,192.0,0.0,0.0,2.0,15.0,0.0,0.0,0.024,0.015,0.0,0.0,1.0,30.0,0.0,0.0,5.0,86.0,0.0,0.0,0.067,0.091,0.0,0.0,4.0,36.0,0.0,0.0,0.149,0.154,0.0,0.0,0.29,0.201,0.0,0.0,0,29.0
62,1629059,-5.7,-1.9,0.0,0.0,-1.5,0.0,0.0,0.0,0.2,0.5,0.0,0.0,0.162,0.392,0.0,0.0,-4.2,-1.9,0.0,0.0,-0.7,0.5,0.0,0.0,7.6,10.6,0.0,0.0,-0.9,0.0,0.0,0.0,-0.5,1.0,0.0,0.0,127.0,115.0,0.0,0.0,0.187,0.212,0.0,0.0,0.006,0.005,0.0,0.0,7.0,4.0,0.0,0.0,86.0,74.0,0.0,0.0,0.1010000000000000,0.1160000000000000,0.0,0.0,0.46,0.467,0.0,0.0,290.0,181.0,0.0,0.0,158.0,110.0,0.0,0.0,132.0,71.0,0.0,0.0,114.0,72.0,0.0,0.0,75.0,47.0,0.0,0.0,39.0,25.0,0.0,0.0,0.393,0.398,0.0,0.0,0.475,0.427,0.0,0.0,0.295,0.352,0.0,0.0,47.0,71.0,0.0,0.0,37.0,50.0,0.0,0.0,0.787,0.704,0.0,0.0,53.0,55.0,0.0,0.0,16.0,3.0,0.0,0.0,958.0,719.0,0.0,0.0,12.0,16.0,0.0,0.0,0.0139999999999999,0.024,0.0,0.0,304.0,219.0,0.0,0.0,32.0,24.0,0.0,0.0,0.016,0.016,0.0,0.0,109.0,54.0,0.0,0.0,98.0,90.0,0.0,0.0,0.057,0.069,0.0,0.0,69.0,38.0,0.0,0.0,0.182,0.152,0.0,0.0,0.17,0.148,0.0,0.0,0,31.0
63,1629061,-7.5,0.0,0.0,0.0,-1.6,0.0,0.0,0.0,0.0,0.0,0.0,0.0,0.111,0.0,0.0,0.0,-6.0,0.0,0.0,0.0,-0.2,0.0,0.0,0.0,2.7,0.0,0.0,0.0,-0.3,0.0,0.0,0.0,-0.2,0.0,0.0,0.0,5.0,0.0,0.0,0.0,0.034,0.0,0.0,0.0,0.018,0.0,0.0,0.0,4.0,0.0,0.0,0.0,16.0,0.0,0.0,0.0,0.096,0.0,0.0,0.0,0.389,0.0,0.0,0.0,36.0,0.0,0.0,0.0,13.0,0.0,0.0,0.0,23.0,0.0,0.0,0.0,11.0,0.0,0.0,0.0,5.0,0.0,0.0,0.0,6.0,0.0,0.0,0.0,0.306,0.0,0.0,0.0,0.385,0.0,0.0,0.0,0.261,0.0,0.0,0.0,4.0,0.0,0.0,0.0,4.0,0.0,0.0,0.0,1.0,0.0,0.0,0.0,19.0,0.0,0.0,0.0,3.0,0.0,0.0,0.0,194.0,0.0,0.0,0.0,3.0,0.0,0.0,0.0,0.016,0.0,0.0,0.0,32.0,0.0,0.0,0.0,1.0,0.0,0.0,0.0,0.003,0.0,0.0,0.0,13.0,0.0,0.0,0.0,19.0,0.0,0.0,0.0,0.054,0.0,0.0,0.0,6.0,0.0,0.0,0.0,0.1370000000000000,0.0,0.0,0.0,0.099,0.0,0.0,0.0,0,100.0
64,1629066,-2.6,-2.8,-2.366666666666670,0.0,0.3,0.8,2.2666666666666700,0.0,1.5,0.8,0.06666666666666670,0.0,0.205,0.215,0.11500000000000000,0.0,-2.9,-3.6,-4.633333333333330,0.0,0.1,-0.1,-0.10000000000000000,0.0,11.0,8.9,8.800000000000000,0.0,-0.2,-0.1,-0.03333333333333330,0.0,1.6,0.8,-0.06666666666666670,0.0,52.0,51.0,3.3333333333333300,0.0,0.06,0.104,0.124,0.0,0.015,0.006,0.016,0.0,25.0,5.0,1.3333333333333300,0.0,190.0,112.0,6.0,0.0,0.154,0.166,0.17000000000000000,0.0,0.514,0.54,0.533,0.0,449.0,177.0,10.666666666666700,0.0,265.0,87.0,3.6666666666666700,0.0,184.0,90.0,7.0,0.0,202.0,79.0,3.6666666666666700,0.0,144.0,46.0,1.6666666666666700,0.0,58.0,33.0,2.0,0.0,0.45,0.446,0.39866666666666700,0.0,0.543,0.529,0.3333333333333330,0.0,0.315,0.367,0.461,0.0,92.0,38.0,1.3333333333333300,0.0,72.0,24.0,1.0,0.0,0.783,0.632,0.5,0.0,63.0,47.0,7.0,0.0,46.0,9.0,0.0,0.0,1294.0,684.0,41.666666666666700,0.0,56.0,25.0,1.6666666666666700,0.0,0.046,0.039,0.041,0.0,534.0,215.0,10.333333333333300,0.0,41.0,25.0,3.0,0.0,0.015,0.017,0.026333333333333300,0.0,146.0,90.0,5.333333333333330,0.0,246.0,137.0,7.666666666666670,0.0,0.1,0.104,0.107,0.0,77.0,46.0,4.333333333333330,0.0,0.136,0.192,0.20066666666666700,0.0,0.184,0.147,0.13866666666666700,0.0,0,40.0
65,1629067,-4.8,-2.8,-6.4,-0.4,2.2,-0.1,-0.8,5.0,0.2,0.6,0.4,0.1,0.455,0.363,0.099,0.615,-7.0,-2.7,-5.6,-5.4,-0.3,1.2,-0.4,-0.1,6.0,10.2,4.0,8.7,-0.1,-0.3,-0.5,0.0,-0.1,1.8,0.0,0.1,15.0,76.0,23.0,4.0,0.149,0.079,0.065,0.073,0.027,0.015,0.017,0.0279999999999999,4.0,22.0,9.0,2.0,16.0,151.0,48.0,3.0,0.135,0.138,0.1170000000000000,0.05,0.152,0.558,0.451,0.269,33.0,234.0,81.0,13.0,25.0,163.0,34.0,9.0,8.0,71.0,47.0,4.0,5.0,118.0,30.0,3.0,5.0,93.0,17.0,2.0,0.0,25.0,13.0,1.0,0.152,0.504,0.37,0.231,0.2,0.571,0.5,0.222,0.0,0.352,0.277,0.25,15.0,85.0,8.0,8.0,9.0,69.0,5.0,5.0,0.6,0.812,0.625,0.625,22.0,66.0,40.0,15.0,0.0,49.0,8.0,0.0,120.0,1250.0,432.0,69.0,9.0,71.0,18.0,4.0,0.079,0.06,0.044,0.06,19.0,330.0,78.0,12.0,9.0,45.0,11.0,8.0,0.035,0.017,0.012,0.0579999999999999,9.0,156.0,63.0,10.0,25.0,222.0,66.0,7.0,0.108,0.0969999999999999,0.081,0.055,6.0,58.0,22.0,2.0,0.132,0.176,0.207,0.108,0.157,0.11,0.102,0.115,0,39.0
66,1629083,0.0,0.0,0.0,-21.8,0.0,0.0,0.0,-7.1,0.0,0.0,0.0,0.0,0.0,0.0,0.0,0.0,0.0,0.0,0.0,-14.7,0.0,0.0,0.0,0.0,0.0,0.0,0.0,-10.7,0.0,0.0,0.0,0.0,0.0,0.0,0.0,0.0,0.0,0.0,0.0,0.0,0.0,0.0,0.0,0.0,0.0,0.0,0.0,0.0,0.0,0.0,0.0,0.0,0.0,0.0,0.0,0.0,0.0,0.0,0.0,0.0,0.0,0.0,0.0,0.0,0.0,0.0,0.0,1.0,0.0,0.0,0.0,0.0,0.0,0.0,0.0,1.0,0.0,0.0,0.0,0.0,0.0,0.0,0.0,0.0,0.0,0.0,0.0,0.0,0.0,0.0,0.0,0.0,0.0,0.0,0.0,0.0,0.0,0.0,0.0,0.0,0.0,0.0,0.0,0.0,0.0,0.0,0.0,0.0,0.0,0.0,0.0,0.0,0.0,0.0,0.0,2.0,0.0,0.0,0.0,0.0,0.0,0.0,0.0,5.0,0.0,0.0,0.0,0.0,0.0,0.0,0.0,0.0,0.0,0.0,0.0,0.0,0.0,0.0,0.0,0.0,0.0,0.0,0.0,0.0,0.0,0.0,0.0,1.0,0.0,0.0,0.0,0.0,0.0,0.0,0.0,0.0,0.0,0.0,0.0,0.0,0.0,0.0,0.0,0.0,0.0,0.0,0.0,0.085,0,55.0
67,1629091,0.0,0.0,-7.7,0.0,0.0,0.0,-3.6,0.0,0.0,0.0,0.0,0.0,0.0,0.0,0.231,0.0,0.0,0.0,-4.1,0.0,0.0,0.0,0.0,0.0,0.0,0.0,10.6,0.0,0.0,0.0,0.0,0.0,0.0,0.0,0.0,0.0,0.0,0.0,3.0,0.0,0.0,0.0,0.126,0.0,0.0,0.0,0.0279999999999999,0.0,0.0,0.0,1.0,0.0,0.0,0.0,4.0,0.0,0.0,0.0,0.127,0.0,0.0,0.0,0.5,0.0,0.0,0.0,13.0,0.0,0.0,0.0,8.0,0.0,0.0,0.0,5.0,0.0,0.0,0.0,6.0,0.0,0.0,0.0,5.0,0.0,0.0,0.0,1.0,0.0,0.0,0.0,0.462,0.0,0.0,0.0,0.625,0.0,0.0,0.0,0.2,0.0,0.0,0.0,3.0,0.0,0.0,0.0,3.0,0.0,0.0,0.0,1.0,0.0,0.0,0.0,1.0,0.0,0.0,0.0,0.0,0.0,0.0,0.0,32.0,0.0,0.0,0.0,2.0,0.0,0.0,0.0,0.068,0.0,0.0,0.0,16.0,0.0,0.0,0.0,0.0,0.0,0.0,0.0,0.0,0.0,0.0,0.0,4.0,0.0,0.0,0.0,6.0,0.0,0.0,0.0,0.099,0.0,0.0,0.0,4.0,0.0,0.0,0.0,0.218,0.0,0.0,0.0,0.24,0.0,0,100.0
68,1629093,-40.7,0.0,0.0,0.0,-31.1,0.0,0.0,0.0,0.0,0.0,0.0,0.0,0.0,0.0,0.0,0.0,-9.6,0.0,0.0,0.0,0.0,0.0,0.0,0.0,0.0,0.0,0.0,0.0,0.0,0.0,0.0,0.0,0.0,0.0,0.0,0.0,0.0,0.0,0.0,0.0,0.0,0.0,0.0,0.0,0.0,0.0,0.0,0.0,0.0,0.0,0.0,0.0,0.0,0.0,0.0,0.0,0.0,0.0,0.0,0.0,0.0,0.0,0.0,0.0,1.0,0.0,0.0,0.0,1.0,0.0,0.0,0.0,0.0,0.0,0.0,0.0,0.0,0.0,0.0,0.0,0.0,0.0,0.0,0.0,0.0,0.0,0.0,0.0,0.0,0.0,0.0,0.0,0.0,0.0,0.0,0.0,0.0,0.0,0.0,0.0,0.0,0.0,0.0,0.0,0.0,0.0,0.0,0.0,0.0,0.0,0.0,0.0,1.0,0.0,0.0,0.0,0.0,0.0,0.0,0.0,1.0,0.0,0.0,0.0,1.0,0.0,0.0,0.0,1.0,0.0,0.0,0.0,0.0,0.0,0.0,0.0,0.0,0.0,0.0,0.0,0.0,0.0,0.0,0.0,0.0,0.0,0.0,0.0,1.0,0.0,0.0,0.0,0.516,0.0,0.0,0.0,0.0,0.0,0.0,0.0,0.0,0.0,0.0,0.0,0.407,0.0,0.0,0.0,0,100.0
69,1629094,-2.7,0.0,0.0,0.0,-5.3,0.0,0.0,0.0,0.0,0.0,0.0,0.0,0.152,0.0,0.0,0.0,2.6,0.0,0.0,0.0,0.2,0.0,0.0,0.0,19.4,0.0,0.0,0.0,0.0,0.0,0.0,0.0,0.2,0.0,0.0,0.0,1.0,0.0,0.0,0.0,0.022,0.0,0.0,0.0,0.013,0.0,0.0,0.0,1.0,0.0,0.0,0.0,5.0,0.0,0.0,0.0,0.076,0.0,0.0,0.0,0.636,0.0,0.0,0.0,33.0,0.0,0.0,0.0,13.0,0.0,0.0,0.0,20.0,0.0,0.0,0.0,16.0,0.0,0.0,0.0,6.0,0.0,0.0,0.0,10.0,0.0,0.0,0.0,0.485,0.0,0.0,0.0,0.462,0.0,0.0,0.0,0.5,0.0,0.0,0.0,5.0,0.0,0.0,0.0,4.0,0.0,0.0,0.0,0.8,0.0,0.0,0.0,11.0,0.0,0.0,0.0,0.0,0.0,0.0,0.0,67.0,0.0,0.0,0.0,8.0,0.0,0.0,0.0,0.133,0.0,0.0,0.0,46.0,0.0,0.0,0.0,0.0,0.0,0.0,0.0,0.0,0.0,0.0,0.0,9.0,0.0,0.0,0.0,13.0,0.0,0.0,0.0,0.104,0.0,0.0,0.0,3.0,0.0,0.0,0.0,0.079,0.0,0.0,0.0,0.244,0.0,0.0,0.0,0,100.0
70,1629102,-4.7,0.0,0.0,0.0,-0.9,0.0,0.0,0.0,0.1,0.0,0.0,0.0,0.1,0.0,0.0,0.0,-3.9,0.0,0.0,0.0,-0.1,0.0,0.0,0.0,8.5,0.0,0.0,0.0,-0.1,0.0,0.0,0.0,0.0,0.0,0.0,0.0,10.0,0.0,0.0,0.0,0.068,0.0,0.0,0.0,0.012,0.0,0.0,0.0,3.0,0.0,0.0,0.0,13.0,0.0,0.0,0.0,0.067,0.0,0.0,0.0,0.558,0.0,0.0,0.0,60.0,0.0,0.0,0.0,31.0,0.0,0.0,0.0,29.0,0.0,0.0,0.0,28.0,0.0,0.0,0.0,17.0,0.0,0.0,0.0,11.0,0.0,0.0,0.0,0.467,0.0,0.0,0.0,0.548,0.0,0.0,0.0,0.379,0.0,0.0,0.0,6.0,0.0,0.0,0.0,4.0,0.0,0.0,0.0,0.667,0.0,0.0,0.0,14.0,0.0,0.0,0.0,2.0,0.0,0.0,0.0,214.0,0.0,0.0,0.0,3.0,0.0,0.0,0.0,0.015,0.0,0.0,0.0,71.0,0.0,0.0,0.0,8.0,0.0,0.0,0.0,0.018,0.0,0.0,0.0,19.0,0.0,0.0,0.0,16.0,0.0,0.0,0.0,0.0409999999999999,0.0,0.0,0.0,12.0,0.0,0.0,0.0,0.161,0.0,0.0,0.0,0.152,0.0,0.0,0.0,0,100.0
71,1629103,0.0,-4.3,-2.3,-14.200000000000000,0.0,-1.0,-1.0,-5.7,0.0,0.3,0.4,0.1,0.0,0.171,0.072,0.0385,0.0,-3.3,-1.2,-8.550000000000000,0.0,-0.1,0.1,-0.1,0.0,9.2,13.9,-0.8000000000000010,0.0,-0.3,0.0,-0.05,0.0,0.2,0.4,0.05,0.0,23.0,17.0,10.5,0.0,0.068,0.075,0.034,0.0,0.015,0.025,0.009,0.0,9.0,10.0,4.5,0.0,84.0,60.0,19.0,0.0,0.186,0.201,0.1355,0.0,0.461,0.536,0.241,0.0,181.0,138.0,85.5,0.0,85.0,78.0,48.0,0.0,96.0,60.0,37.5,0.0,71.0,62.0,35.0,0.0,46.0,38.0,24.0,0.0,25.0,24.0,11.0,0.0,0.392,0.449,0.2085,0.0,0.541,0.487,0.2555,0.0,0.26,0.4,0.1485,0.0,31.0,10.0,6.5,0.0,30.0,9.0,4.5,0.0,0.968,0.9,0.346,0.0,31.0,35.0,15.0,0.0,4.0,0.0,0.5,0.0,495.0,322.0,225.0,0.0,12.0,18.0,8.5,0.0,0.025,0.061,0.1125,0.0,197.0,157.0,85.5,0.0,7.0,10.0,6.5,0.0,0.0069999999999999,0.015,0.00699999999999995,0.0,51.0,35.0,18.0,0.0,96.0,78.0,27.5,0.0,0.102,0.131,0.1235,0.0,20.0,16.0,7.0,0.0,0.093,0.1010000000000000,0.0375,0.0,0.178,0.209,0.2005,0,100.0
72,1629109,-0.7,-1.6500000000000000,-7.0,0.1,0.4,-0.95,0.6666666666666670,0.0,0.7,0.25,0.10000000000000000,0.4,0.046,0.08,0.025333333333333300,0.114,-1.1,-0.7,-7.6000000000000000,0.1,0.3,0.35,-0.06666666666666670,0.3,9.2,10.95,4.266666666666670,11.4,0.2,0.0,-0.13333333333333300,0.2,1.0,0.55,0.03333333333333330,0.7,18.0,8.5,10.333333333333300,18.0,0.038,0.048,0.051333333333333300,0.064,0.035,0.032999999999999900,0.0033333333333333300,0.018,26.0,11.0,2.3333333333333300,7.0,92.0,36.5,27.333333333333300,67.0,0.162,0.14150000000000000,0.19366666666666700,0.201,0.467,0.5515000000000000,0.14133333333333300,0.534,151.0,66.5,44.0,88.0,13.0,11.0,8.0,18.0,138.0,55.5,36.0,70.0,50.0,27.0,13.333333333333300,33.0,9.0,7.5,3.0,5.0,41.0,19.5,10.333333333333300,28.0,0.331,0.40450000000000000,0.10166666666666700,0.375,0.692,0.6695,0.13033333333333300,0.278,0.297,0.3515,0.09566666666666670,0.4,7.0,5.0,3.3333333333333300,10.0,7.0,4.5,2.6666666666666700,7.0,1.0,0.9285,0.26666666666666700,0.7,51.0,21.0,13.0,38.0,2.0,2.5,3.6666666666666700,1.0,641.0,283.5,218.0,378.0,24.0,18.5,11.0,23.0,0.0409999999999999,0.065,0.017333333333333300,0.066,148.0,78.0,39.666666666666700,101.0,20.0,3.0,4.333333333333330,13.0,0.015,0.0045000000000000000,0.015333333333333300,0.017,47.0,23.0,11.666666666666700,20.0,116.0,55.0,38.333333333333300,90.0,0.1,0.10250000000000000,0.106,0.132,7.0,5.0,5.666666666666670,10.0,0.043,0.0635,0.0373333333333333,0.098,0.109,0.11300000000000000,0.04533333333333330,0.1160000000000000,0,100.0
73,1629111,0.0,0.0,0.0,-0.4,0.0,0.0,0.0,-1.1,0.0,0.0,0.0,0.4,0.0,0.0,0.0,0.201,0.0,0.0,0.0,0.7,0.0,0.0,0.0,1.0,0.0,0.0,0.0,16.0,0.0,0.0,0.0,0.2,0.0,0.0,0.0,1.5,0.0,0.0,0.0,45.0,0.0,0.0,0.0,0.106,0.0,0.0,0.0,0.02,0.0,0.0,0.0,14.0,0.0,0.0,0.0,75.0,0.0,0.0,0.0,0.135,0.0,0.0,0.0,0.566,0.0,0.0,0.0,204.0,0.0,0.0,0.0,115.0,0.0,0.0,0.0,89.0,0.0,0.0,0.0,101.0,0.0,0.0,0.0,72.0,0.0,0.0,0.0,29.0,0.0,0.0,0.0,0.495,0.0,0.0,0.0,0.626,0.0,0.0,0.0,0.326,0.0,0.0,0.0,41.0,0.0,0.0,0.0,34.0,0.0,0.0,0.0,0.829,0.0,0.0,0.0,54.0,0.0,0.0,0.0,1.0,0.0,0.0,0.0,589.0,0.0,0.0,0.0,63.0,0.0,0.0,0.0,0.111,0.0,0.0,0.0,265.0,0.0,0.0,0.0,10.0,0.0,0.0,0.0,0.008,0.0,0.0,0.0,53.0,0.0,0.0,0.0,138.0,0.0,0.0,0.0,0.123,0.0,0.0,0.0,31.0,0.0,0.0,0.0,0.123,0.0,0.0,0.0,0.181,0,100.0
74,1629116,-12.0,0.0,0.0,0.0,-5.0,0.0,0.0,0.0,0.0,0.0,0.0,0.0,0.4,0.0,0.0,0.0,-7.0,0.0,0.0,0.0,0.0,0.0,0.0,0.0,4.3,0.0,0.0,0.0,0.0,0.0,0.0,0.0,0.0,0.0,0.0,0.0,0.0,0.0,0.0,0.0,0.0,0.0,0.0,0.0,0.0,0.0,0.0,0.0,0.0,0.0,0.0,0.0,2.0,0.0,0.0,0.0,0.1370000000000000,0.0,0.0,0.0,0.2,0.0,0.0,0.0,5.0,0.0,0.0,0.0,5.0,0.0,0.0,0.0,0.0,0.0,0.0,0.0,1.0,0.0,0.0,0.0,1.0,0.0,0.0,0.0,0.0,0.0,0.0,0.0,0.2,0.0,0.0,0.0,0.2,0.0,0.0,0.0,0.0,0.0,0.0,0.0,2.0,0.0,0.0,0.0,1.0,0.0,0.0,0.0,0.5,0.0,0.0,0.0,2.0,0.0,0.0,0.0,0.0,0.0,0.0,0.0,15.0,0.0,0.0,0.0,2.0,0.0,0.0,0.0,0.146,0.0,0.0,0.0,3.0,0.0,0.0,0.0,1.0,0.0,0.0,0.0,0.031,0.0,0.0,0.0,2.0,0.0,0.0,0.0,4.0,0.0,0.0,0.0,0.141,0.0,0.0,0.0,0.0,0.0,0.0,0.0,0.0,0.0,0.0,0.0,0.165,0.0,0.0,0.0,0,100.0
75,1629117,0.0,-3.9,-3.3,-4.933333333333330,0.0,0.1,-0.1,-0.9666666666666670,0.0,0.1,0.3,0.10000000000000000,0.0,0.4875,0.283,0.2333333333333330,0.0,-3.95,-3.2,-3.9333333333333300,0.0,0.0,0.0,0.13333333333333300,0.0,8.850000000000000,9.8,11.066666666666700,0.0,-0.05,-0.1,-0.13333333333333300,0.0,0.15,0.3,0.20000000000000000,0.0,4.0,11.0,4.666666666666670,0.0,0.051000000000000000,0.059,0.03833333333333330,0.0,0.028,0.031,0.021,0.0,3.5,8.0,3.6666666666666700,0.0,15.5,34.0,19.333333333333300,0.0,0.131,0.153,0.45533333333333300,0.0,0.4735,0.508,0.33266666666666700,0.0,24.0,60.0,36.666666666666700,0.0,14.0,28.0,27.333333333333300,0.0,10.0,32.0,9.333333333333330,0.0,10.5,24.0,18.0,0.0,7.5,11.0,15.333333333333300,0.0,3.0,13.0,2.6666666666666700,0.0,0.4185,0.4,0.2966666666666670,0.0,0.541,0.393,0.31866666666666700,0.0,0.271,0.406,0.22033333333333300,0.0,11.0,17.0,14.0,0.0,7.5,11.0,8.333333333333330,0.0,0.675,0.647,0.36833333333333300,0.0,15.0,21.0,8.666666666666670,0.0,0.5,0.0,1.6666666666666700,0.0,117.5,241.0,119.33333333333300,0.0,10.5,20.0,13.0,0.0,0.0875,0.09,0.079,0.0,31.5,72.0,47.0,0.0,5.5,9.0,1.6666666666666700,0.0,0.023,0.018,0.005666666666666670,0.0,19.5,32.0,22.666666666666700,0.0,26.0,54.0,32.333333333333300,0.0,0.109,0.122,0.2826666666666670,0.0,8.0,15.0,5.333333333333330,0.0,0.21100000000000000,0.182,0.09066666666666660,0.0,0.1515,0.144,0.11500000000000000,0,100.0
76,1629118,1.2,0.0,0.0,0.0,-1.1,0.0,0.0,0.0,0.0,0.0,0.0,0.0,0.154,0.0,0.0,0.0,2.2,0.0,0.0,0.0,0.1,0.0,0.0,0.0,16.1,0.0,0.0,0.0,0.0,0.0,0.0,0.0,0.1,0.0,0.0,0.0,5.0,0.0,0.0,0.0,0.205,0.0,0.0,0.0,0.0,0.0,0.0,0.0,0.0,0.0,0.0,0.0,4.0,0.0,0.0,0.0,0.121,0.0,0.0,0.0,0.654,0.0,0.0,0.0,13.0,0.0,0.0,0.0,6.0,0.0,0.0,0.0,7.0,0.0,0.0,0.0,7.0,0.0,0.0,0.0,4.0,0.0,0.0,0.0,3.0,0.0,0.0,0.0,0.538,0.0,0.0,0.0,0.667,0.0,0.0,0.0,0.429,0.0,0.0,0.0,2.0,0.0,0.0,0.0,1.0,0.0,0.0,0.0,0.5,0.0,0.0,0.0,11.0,0.0,0.0,0.0,0.0,0.0,0.0,0.0,36.0,0.0,0.0,0.0,0.0,0.0,0.0,0.0,0.0,0.0,0.0,0.0,18.0,0.0,0.0,0.0,0.0,0.0,0.0,0.0,0.0,0.0,0.0,0.0,3.0,0.0,0.0,0.0,4.0,0.0,0.0,0.0,0.06,0.0,0.0,0.0,1.0,0.0,0.0,0.0,0.067,0.0,0.0,0.0,0.177,0.0,0.0,0.0,0,58.0
77,1629121,-4.3,0.0,-19.8,0.0,-0.5,0.0,-5.0,0.0,0.2,0.0,0.0,0.0,0.082,0.0,0.0,0.0,-3.8,0.0,-14.9,0.0,-0.1,0.0,-0.1,0.0,7.6,0.0,-6.5,0.0,-0.2,0.0,-0.1,0.0,0.1,0.0,-0.1,0.0,65.0,0.0,2.0,0.0,0.198,0.0,0.127,0.0,0.01,0.0,0.0,0.0,5.0,0.0,0.0,0.0,49.0,0.0,3.0,0.0,0.123,0.0,0.1690000000000000,0.0,0.459,0.0,0.125,0.0,110.0,0.0,8.0,0.0,36.0,0.0,6.0,0.0,74.0,0.0,2.0,0.0,38.0,0.0,1.0,0.0,13.0,0.0,1.0,0.0,25.0,0.0,0.0,0.0,0.345,0.0,0.125,0.0,0.361,0.0,0.167,0.0,0.338,0.0,0.0,0.0,9.0,0.0,0.0,0.0,7.0,0.0,0.0,0.0,0.778,0.0,0.0,0.0,34.0,0.0,7.0,0.0,1.0,0.0,0.0,0.0,428.0,0.0,18.0,0.0,11.0,0.0,0.0,0.0,0.026,0.0,0.0,0.0,108.0,0.0,2.0,0.0,14.0,0.0,0.0,0.0,0.015,0.0,0.0,0.0,45.0,0.0,1.0,0.0,60.0,0.0,3.0,0.0,0.074,0.0,0.088,0.0,28.0,0.0,0.0,0.0,0.1970000000000000,0.0,0.0,0.0,0.135,0.0,0.186,0.0,0,100.0
78,1629122,-7.7,-6.4,0.0,0.0,-2.9,-1.2,0.0,0.0,0.0,0.0,0.0,0.0,0.0,0.0,0.0,0.0,-4.7,-5.2,0.0,0.0,0.0,0.0,0.0,0.0,5.7,0.0,0.0,0.0,0.0,0.0,0.0,0.0,0.0,0.0,0.0,0.0,2.0,0.0,0.0,0.0,0.18,0.0,0.0,0.0,0.0,0.0,0.0,0.0,0.0,0.0,0.0,0.0,3.0,0.0,0.0,0.0,0.1940000000000000,0.0,0.0,0.0,0.333,0.0,0.0,0.0,9.0,0.0,0.0,0.0,5.0,0.0,0.0,0.0,4.0,0.0,0.0,0.0,3.0,0.0,0.0,0.0,3.0,0.0,0.0,0.0,0.0,0.0,0.0,0.0,0.333,0.0,0.0,0.0,0.6,0.0,0.0,0.0,0.0,0.0,0.0,0.0,0.0,0.0,0.0,0.0,0.0,0.0,0.0,0.0,0.0,0.0,0.0,0.0,2.0,1.0,0.0,0.0,0.0,0.0,0.0,0.0,17.0,1.0,0.0,0.0,0.0,0.0,0.0,0.0,0.0,0.0,0.0,0.0,6.0,0.0,0.0,0.0,0.0,0.0,0.0,0.0,0.0,0.0,0.0,0.0,0.0,0.0,0.0,0.0,3.0,0.0,0.0,0.0,0.095,0.0,0.0,0.0,0.0,0.0,0.0,0.0,0.0,0.0,0.0,0.0,0.228,0.0,0.0,0.0,0,100.0
79,1629123,-10.9,0.0,0.0,0.0,-2.3,0.0,0.0,0.0,0.0,0.0,0.0,0.0,0.154,0.0,0.0,0.0,-8.5,0.0,0.0,0.0,-0.4,0.0,0.0,0.0,0.7,0.0,0.0,0.0,-0.2,0.0,0.0,0.0,-0.3,0.0,0.0,0.0,12.0,0.0,0.0,0.0,0.144,0.0,0.0,0.0,0.015,0.0,0.0,0.0,2.0,0.0,0.0,0.0,5.0,0.0,0.0,0.0,0.049,0.0,0.0,0.0,0.359,0.0,0.0,0.0,39.0,0.0,0.0,0.0,22.0,0.0,0.0,0.0,17.0,0.0,0.0,0.0,12.0,0.0,0.0,0.0,8.0,0.0,0.0,0.0,4.0,0.0,0.0,0.0,0.308,0.0,0.0,0.0,0.364,0.0,0.0,0.0,0.235,0.0,0.0,0.0,6.0,0.0,0.0,0.0,3.0,0.0,0.0,0.0,0.5,0.0,0.0,0.0,14.0,0.0,0.0,0.0,0.0,0.0,0.0,0.0,111.0,0.0,0.0,0.0,1.0,0.0,0.0,0.0,0.01,0.0,0.0,0.0,31.0,0.0,0.0,0.0,3.0,0.0,0.0,0.0,0.013,0.0,0.0,0.0,16.0,0.0,0.0,0.0,6.0,0.0,0.0,0.0,0.0289999999999999,0.0,0.0,0.0,10.0,0.0,0.0,0.0,0.1940000000000000,0.0,0.0,0.0,0.196,0.0,0.0,0.0,0,100.0
80,1629130,-3.4,0.5,-1.1,-0.6,0.0,-1.0,-0.9,-0.3,0.2,1.6,1.8,2.0,0.13,0.105,0.105,0.084,-3.4,1.5,-0.2,-0.3,0.0,3.7,1.9,1.9,7.6,13.1,11.0,10.6,-0.1,1.3,0.5,0.7,0.2,5.3,3.7,3.9,5.0,102.0,127.0,129.0,0.044,0.071,0.083,0.093,0.0,0.009,0.009,0.0069999999999999,0.0,19.0,20.0,14.0,17.0,222.0,243.0,179.0,0.1120000000000000,0.11,0.121,0.098,0.5,0.667,0.614,0.559,46.0,687.0,717.0,726.0,11.0,81.0,104.0,102.0,35.0,606.0,613.0,624.0,18.0,323.0,315.0,290.0,8.0,53.0,65.0,58.0,10.0,270.0,250.0,232.0,0.391,0.47,0.439,0.399,0.727,0.654,0.625,0.569,0.286,0.446,0.408,0.372,6.0,72.0,75.0,61.0,4.0,67.0,62.0,51.0,0.667,0.931,0.827,0.836,15.0,73.0,72.0,79.0,1.0,68.0,72.0,68.0,161.0,2166.0,2262.0,2043.0,2.0,10.0,7.0,24.0,0.013,0.005,0.004,0.0139999999999999,50.0,983.0,942.0,863.0,5.0,35.0,43.0,42.0,0.015,0.008,0.009,0.01,11.0,193.0,181.0,201.0,19.0,232.0,250.0,203.0,0.063,0.06,0.063,0.0559999999999999,4.0,70.0,81.0,60.0,0.076,0.089,0.0969999999999999,0.074,0.14,0.16,0.166,0.177,0,100.0
81,1629133,-7.9,-11.4,0.0,0.0,-2.6,-4.4,0.0,0.0,0.0,0.0,0.0,0.0,0.259,0.0,0.0,0.0,-5.3,-7.0,0.0,0.0,-0.1,0.0,0.0,0.0,5.5,-3.1,0.0,0.0,-0.1,0.0,0.0,0.0,0.0,0.0,0.0,0.0,7.0,1.0,0.0,0.0,0.1120000000000000,0.0969999999999999,0.0,0.0,0.0,0.0,0.0,0.0,0.0,0.0,0.0,0.0,10.0,0.0,0.0,0.0,0.118,0.0,0.0,0.0,0.463,0.5,0.0,0.0,27.0,3.0,0.0,0.0,16.0,1.0,0.0,0.0,11.0,2.0,0.0,0.0,10.0,1.0,0.0,0.0,5.0,0.0,0.0,0.0,5.0,1.0,0.0,0.0,0.37,0.333,0.0,0.0,0.313,0.0,0.0,0.0,0.455,0.5,0.0,0.0,7.0,0.0,0.0,0.0,4.0,0.0,0.0,0.0,0.571,0.0,0.0,0.0,8.0,4.0,0.0,0.0,0.0,0.0,0.0,0.0,90.0,14.0,0.0,0.0,2.0,0.0,0.0,0.0,0.024,0.0,0.0,0.0,29.0,3.0,0.0,0.0,1.0,0.0,0.0,0.0,0.005,0.0,0.0,0.0,8.0,1.0,0.0,0.0,12.0,0.0,0.0,0.0,0.071,0.0,0.0,0.0,6.0,2.0,0.0,0.0,0.166,0.4,0.0,0.0,0.172,0.157,0.0,0.0,0,100.0
82,1629134,0.0,-2.3,-0.6,0.0,0.0,-1.3,-0.3,0.0,0.0,1.6,1.5,0.0,0.0,0.109,0.091,0.0,0.0,-1.0,-0.4,0.0,0.0,0.4,1.4,0.0,0.0,12.9,14.2,0.0,0.0,-0.1,0.6,0.0,0.0,2.0,2.9,0.0,0.0,220.0,148.0,0.0,0.0,0.185,0.145,0.0,0.0,0.008,0.009,0.0,0.0,15.0,14.0,0.0,0.0,159.0,158.0,0.0,0.0,0.087,0.108,0.0,0.0,0.514,0.578,0.0,0.0,914.0,658.0,0.0,0.0,523.0,338.0,0.0,0.0,391.0,320.0,0.0,0.0,401.0,319.0,0.0,0.0,264.0,197.0,0.0,0.0,137.0,122.0,0.0,0.0,0.439,0.485,0.0,0.0,0.505,0.583,0.0,0.0,0.35,0.381,0.0,0.0,100.0,60.0,0.0,0.0,85.0,56.0,0.0,0.0,0.85,0.933,0.0,0.0,67.0,56.0,0.0,0.0,67.0,44.0,0.0,0.0,1962.0,1650.0,0.0,0.0,21.0,21.0,0.0,0.0,0.012,0.015,0.0,0.0,1024.0,816.0,0.0,0.0,56.0,52.0,0.0,0.0,0.0139999999999999,0.016,0.0,0.0,152.0,108.0,0.0,0.0,180.0,179.0,0.0,0.0,0.051,0.062,0.0,0.0,114.0,80.0,0.0,0.0,0.106,0.105,0.0,0.0,0.241,0.209,0.0,0,100.0
83,1629139,-9.1,-1.8,-0.7,-2.0,-2.1,0.9,0.4,0.0,0.2,0.1,0.8,0.6,0.196,0.235,0.161,0.29,-7.0,-2.6,-1.1,-1.9,-0.4,0.0,0.7,0.1,3.3,11.2,12.2,11.5,-0.3,0.0,0.2,0.0,-0.2,0.1,1.5,0.7,8.0,5.0,40.0,21.0,0.066,0.064,0.077,0.066,0.005,0.008,0.026,0.035,1.0,1.0,19.0,16.0,27.0,13.0,123.0,74.0,0.177,0.128,0.1940000000000000,0.19,0.314,0.485,0.539,0.504,51.0,34.0,180.0,138.0,35.0,26.0,90.0,59.0,16.0,8.0,90.0,79.0,15.0,15.0,79.0,56.0,13.0,12.0,43.0,29.0,2.0,3.0,36.0,27.0,0.294,0.441,0.439,0.406,0.371,0.462,0.478,0.492,0.125,0.375,0.4,0.342,10.0,8.0,29.0,40.0,7.0,3.0,24.0,24.0,0.7,0.375,0.828,0.6,15.0,18.0,50.0,38.0,0.0,0.0,4.0,4.0,174.0,105.0,723.0,445.0,4.0,7.0,36.0,18.0,0.025,0.072,0.053,0.042,39.0,36.0,218.0,163.0,4.0,5.0,26.0,11.0,0.011,0.022,0.017,0.012,11.0,9.0,57.0,38.0,31.0,20.0,159.0,92.0,0.1,0.1,0.121,0.1120000000000000,6.0,2.0,19.0,19.0,0.098,0.051,0.09,0.109,0.158,0.157,0.127,0.168,0,100.0
84,1629140,-3.2,-2.2,0.0,0.0,-1.1,-1.4,0.0,0.0,0.3,0.1,0.0,0.0,0.436,0.382,0.0,0.0,-2.0,-0.8,0.0,0.0,0.7,0.3,0.0,0.0,15.1,14.0,0.0,0.0,-0.1,0.0,0.0,0.0,1.0,0.4,0.0,0.0,13.0,8.0,0.0,0.0,0.049,0.059,0.0,0.0,0.015,0.039,0.0,0.0,7.0,8.0,0.0,0.0,51.0,40.0,0.0,0.0,0.139,0.253,0.0,0.0,0.591,0.559,0.0,0.0,110.0,34.0,0.0,0.0,108.0,32.0,0.0,0.0,2.0,2.0,0.0,0.0,65.0,19.0,0.0,0.0,65.0,19.0,0.0,0.0,0.0,0.0,0.0,0.0,0.591,0.559,0.0,0.0,0.602,0.594,0.0,0.0,0.0,0.0,0.0,0.0,48.0,13.0,0.0,0.0,27.0,7.0,0.0,0.0,0.563,0.538,0.0,0.0,24.0,15.0,0.0,0.0,0.0,6.0,0.0,0.0,372.0,180.0,0.0,0.0,48.0,24.0,0.0,0.0,0.136,0.14,0.0,0.0,157.0,45.0,0.0,0.0,8.0,1.0,0.0,0.0,0.01,0.003,0.0,0.0,62.0,16.0,0.0,0.0,99.0,64.0,0.0,0.0,0.1370000000000000,0.1940000000000000,0.0,0.0,16.0,5.0,0.0,0.0,0.109,0.1120000000000000,0.0,0.0,0.1640000000000000,0.103,0.0,0.0,0,100.0
85,1629147,-14.6,-12.5,0.0,0.0,-6.0,1.7,0.0,0.0,0.0,0.0,0.0,0.0,0.0,0.286,0.0,0.0,-8.5,-14.3,0.0,0.0,0.0,-0.2,0.0,0.0,2.0,-2.9,0.0,0.0,0.0,-0.1,0.0,0.0,0.0,-0.1,0.0,0.0,1.0,1.0,0.0,0.0,0.177,0.039,0.0,0.0,0.0,0.0,0.0,0.0,0.0,0.0,0.0,0.0,0.0,0.0,0.0,0.0,0.0,0.0,0.0,0.0,0.333,0.0,0.0,0.0,3.0,7.0,0.0,0.0,3.0,3.0,0.0,0.0,0.0,4.0,0.0,0.0,1.0,0.0,0.0,0.0,1.0,0.0,0.0,0.0,0.0,0.0,0.0,0.0,0.333,0.0,0.0,0.0,0.333,0.0,0.0,0.0,0.0,0.0,0.0,0.0,0.0,2.0,0.0,0.0,0.0,2.0,0.0,0.0,0.0,1.0,0.0,0.0,1.0,4.0,0.0,0.0,0.0,0.0,0.0,0.0,8.0,33.0,0.0,0.0,0.0,0.0,0.0,0.0,0.0,0.0,0.0,0.0,2.0,2.0,0.0,0.0,0.0,4.0,0.0,0.0,0.0,0.061,0.0,0.0,1.0,2.0,0.0,0.0,0.0,0.0,0.0,0.0,0.0,0.0,0.0,0.0,0.0,2.0,0.0,0.0,0.0,0.2020000000000000,0.0,0.0,0.162,0.132,0.0,0.0,0,100.0
86,1629150,2.2,0.0,0.0,-18.3,-0.20000000000000000,0.0,0.0,-5.3,0.0,0.0,0.0,0.0,1.1665,0.0,0.0,0.0,2.4000000000000000,0.0,0.0,-13.0,0.0,0.0,0.0,-0.1,19.15,0.0,0.0,-0.1,0.0,0.0,0.0,-0.1,0.05,0.0,0.0,-0.1,1.0,0.0,0.0,2.0,0.24250000000000000,0.0,0.0,0.122,0.0,0.0,0.0,0.0,0.0,0.0,0.0,0.0,2.0,0.0,0.0,7.0,0.1125,0.0,0.0,0.406,0.3335,0.0,0.0,0.0,3.5,0.0,0.0,5.0,3.5,0.0,0.0,5.0,0.0,0.0,0.0,0.0,2.0,0.0,0.0,0.0,2.0,0.0,0.0,0.0,0.0,0.0,0.0,0.0,0.3335,0.0,0.0,0.0,0.3335,0.0,0.0,0.0,0.0,0.0,0.0,0.0,2.0,0.0,0.0,0.0,1.0,0.0,0.0,0.0,0.5,0.0,0.0,0.0,1.5,0.0,0.0,3.0,0.0,0.0,0.0,0.0,11.5,0.0,0.0,18.0,1.5,0.0,0.0,8.0,0.23150000000000000,0.0,0.0,0.489,5.0,0.0,0.0,0.0,1.5,0.0,0.0,1.0,0.036,0.0,0.0,0.027,2.0,0.0,0.0,4.0,3.5,0.0,0.0,15.0,0.17150000000000000,0.0,0.0,0.447,1.0,0.0,0.0,5.0,0.1125,0.0,0.0,0.5,0.2295,0.0,0.0,0.239,0,100.0
87,1629155,-11.5,0.0,0.0,0.0,6.0,0.0,0.0,0.0,0.0,0.0,0.0,0.0,0.0,0.0,0.0,0.0,-17.4,0.0,0.0,0.0,-0.1,0.0,0.0,0.0,-10.0,0.0,0.0,0.0,0.0,0.0,0.0,0.0,0.0,0.0,0.0,0.0,0.0,0.0,0.0,0.0,0.0,0.0,0.0,0.0,0.0,0.0,0.0,0.0,0.0,0.0,0.0,0.0,0.0,0.0,0.0,0.0,0.0,0.0,0.0,0.0,0.0,0.0,0.0,0.0,1.0,0.0,0.0,0.0,0.0,0.0,0.0,0.0,1.0,0.0,0.0,0.0,0.0,0.0,0.0,0.0,0.0,0.0,0.0,0.0,0.0,0.0,0.0,0.0,0.0,0.0,0.0,0.0,0.0,0.0,0.0,0.0,0.0,0.0,0.0,0.0,0.0,0.0,0.0,0.0,0.0,0.0,0.0,0.0,0.0,0.0,0.0,0.0,1.0,0.0,0.0,0.0,0.0,0.0,0.0,0.0,4.0,0.0,0.0,0.0,0.0,0.0,0.0,0.0,0.0,0.0,0.0,0.0,0.0,0.0,0.0,0.0,1.0,0.0,0.0,0.0,0.123,0.0,0.0,0.0,0.0,0.0,0.0,0.0,0.0,0.0,0.0,0.0,0.0,0.0,0.0,0.0,1.0,0.0,0.0,0.0,0.5,0.0,0.0,0.0,0.216,0.0,0.0,0.0,0,100.0
88,1629162,0.0,0.3,-2.2,0.4,0.0,0.0,0.0,1.6,0.0,0.4,0.6,1.0,0.0,0.219,0.124,0.2,0.0,0.3,-2.1,-1.2,0.0,1.1,0.6,1.3,0.0,16.3,12.0,13.4,0.0,0.3,0.0,0.6,0.0,1.6,1.2,2.3,0.0,125.0,193.0,180.0,0.0,0.31,0.28,0.261,0.0,0.006,0.006,0.011,0.0,4.0,6.0,10.0,0.0,42.0,87.0,72.0,0.0,0.078,0.104,0.088,0.0,0.57,0.481,0.508,0.0,178.0,242.0,200.0,0.0,102.0,150.0,115.0,0.0,76.0,92.0,85.0,0.0,87.0,100.0,88.0,0.0,58.0,67.0,61.0,0.0,29.0,33.0,27.0,0.0,0.489,0.413,0.44,0.0,0.569,0.447,0.53,0.0,0.382,0.359,0.318,0.0,39.0,30.0,40.0,0.0,26.0,23.0,30.0,0.0,0.667,0.767,0.75,0.0,30.0,51.0,62.0,0.0,2.0,2.0,3.0,0.0,590.0,938.0,902.0,0.0,7.0,21.0,22.0,0.0,0.012,0.023,0.026,0.0,229.0,256.0,233.0,0.0,34.0,51.0,57.0,0.0,0.027,0.026,0.03,0.0,31.0,44.0,54.0,0.0,49.0,108.0,94.0,0.0,0.044,0.062,0.0559999999999999,0.0,31.0,51.0,38.0,0.0,0.1370000000000000,0.1670000000000000,0.149,0.0,0.158,0.1370000000000000,0.118,0,100.0
89,1629164,-9.5,-2.9,-3.5,-1.6,-4.8,-1.3,-0.8,1.1,0.0,0.2,0.4,0.7,0.478,0.158,0.193,0.247,-4.7,-1.6,-2.7,-2.6,0.0,-0.1,-0.2,0.1,8.3,11.6,9.2,11.8,-0.1,-0.1,-0.2,0.1,0.0,0.1,0.2,0.7,14.0,51.0,95.0,91.0,0.321,0.18,0.216,0.26,0.0,0.008,0.0,0.002,0.0,4.0,0.0,1.0,2.0,61.0,61.0,53.0,0.038,0.155,0.106,0.114,0.304,0.468,0.448,0.477,23.0,190.0,223.0,154.0,17.0,103.0,120.0,99.0,6.0,87.0,103.0,55.0,6.0,76.0,84.0,64.0,4.0,50.0,52.0,45.0,2.0,26.0,32.0,19.0,0.261,0.4,0.377,0.416,0.235,0.485,0.433,0.455,0.333,0.299,0.311,0.345,11.0,30.0,43.0,38.0,9.0,28.0,28.0,24.0,0.818,0.933,0.651,0.632,16.0,34.0,47.0,36.0,0.0,1.0,5.0,5.0,57.0,430.0,620.0,502.0,1.0,11.0,8.0,14.0,0.019,0.027,0.0139999999999999,0.031,23.0,206.0,228.0,171.0,0.0,12.0,17.0,25.0,0.0,0.013,0.013,0.025,7.0,43.0,41.0,39.0,3.0,72.0,69.0,67.0,0.0279999999999999,0.09,0.061,0.074,3.0,29.0,36.0,36.0,0.0969999999999999,0.125,0.13,0.174,0.231,0.2240000000000000,0.195,0.182,0,100.0
90,1629168,-8.5,-9.0,0.0,-4.6,-3.55,-3.2,0.0,-3.9,0.0,0.1,0.0,0.0,0.0625,0.313,0.0,0.0,-4.95,-5.8,0.0,-0.7,0.0,-0.2,0.0,0.1,8.85,5.4,0.0,12.1,0.0,-0.1,0.0,0.0,0.05,-0.1,0.0,0.1,0.0,3.0,0.0,0.0,0.0,0.051,0.0,0.0,0.0,0.0,0.0,0.0139999999999999,0.0,0.0,0.0,1.0,3.0,12.0,0.0,9.0,0.075,0.161,0.0,0.147,0.5470000000000000,0.328,0.0,0.52,9.0,32.0,0.0,25.0,5.5,23.0,0.0,15.0,3.5,9.0,0.0,10.0,4.5,9.0,0.0,11.0,3.0,6.0,0.0,7.0,1.5,3.0,0.0,4.0,0.5,0.281,0.0,0.44,0.75,0.261,0.0,0.467,0.25,0.333,0.0,0.4,1.0,10.0,0.0,0.0,1.0,9.0,0.0,0.0,0.5,0.9,0.0,0.0,3.5,10.0,0.0,4.0,0.0,0.0,0.0,0.0,24.5,83.0,0.0,65.0,1.0,3.0,0.0,6.0,0.024,0.038,0.0,0.0969999999999999,11.5,30.0,0.0,26.0,1.0,3.0,0.0,0.0,0.0105,0.018,0.0,0.0,2.0,3.0,0.0,4.0,4.0,15.0,0.0,15.0,0.049,0.0969999999999999,0.0,0.122,1.0,6.0,0.0,0.0,0.053,0.142,0.0,0.0,0.1585,0.221,0.0,0.1670000000000000,0,100.0
91,1629185,-1.3,-1.3,-1.6,-6.0,1.4,0.9500000000000000,-0.9,-0.2,0.0,0.2,0.2,0.5,0.0,0.0235,0.193,0.037,-2.7,-2.2,-0.7,-5.7,0.0,0.05,0.1,-0.5,7.0,11.2,12.9,4.4,0.0,0.05,0.0,-0.4,0.0,0.25,0.3,0.0,4.0,41.5,65.0,65.0,0.161,0.2935,0.369,0.225,0.026,0.00999999999999995,0.023,0.0,1.0,2.0,6.0,0.0,3.0,22.0,21.0,27.0,0.103,0.1225,0.095,0.077,0.375,0.458,0.426,0.401,8.0,70.0,88.0,81.0,3.0,34.0,46.0,28.0,5.0,36.0,42.0,53.0,2.0,27.5,31.0,24.0,0.0,14.0,18.0,7.0,2.0,13.5,13.0,17.0,0.25,0.3595,0.352,0.296,0.0,0.3335,0.391,0.25,0.4,0.39750000000000000,0.31,0.321,0.0,2.5,17.0,3.0,0.0,2.5,13.0,2.0,0.0,0.5,0.765,0.667,7.0,14.0,22.0,34.0,0.0,1.0,1.0,1.0,33.0,200.5,232.0,372.0,1.0,4.5,3.0,9.0,0.033,0.017,0.015,0.027,6.0,71.0,88.0,67.0,1.0,10.5,7.0,13.0,0.015,0.028500000000000000,0.015,0.017,2.0,18.5,19.0,32.0,4.0,26.5,24.0,36.0,0.067,0.069,0.057,0.053,1.0,16.0,16.0,32.0,0.111,0.192,0.144,0.28,0.118,0.17100000000000000,0.21,0.134,0,100.0
92,1629203,0.2,0.0,0.0,-1.0,2.4,0.0,0.0,0.1,0.2,0.0,0.0,0.0,0.061,0.0,0.0,0.0,-2.2,0.0,0.0,-1.1,0.0,0.0,0.0,0.0,12.1,0.0,0.0,14.8,0.1,0.0,0.0,0.0,0.2,0.0,0.0,0.1,13.0,0.0,0.0,0.0,0.114,0.0,0.0,0.0,0.0289999999999999,0.0,0.0,0.0,5.0,0.0,0.0,0.0,33.0,0.0,0.0,1.0,0.2340000000000000,0.0,0.0,0.071,0.394,0.0,0.0,0.667,33.0,0.0,0.0,3.0,23.0,0.0,0.0,3.0,10.0,0.0,0.0,0.0,12.0,0.0,0.0,2.0,10.0,0.0,0.0,2.0,2.0,0.0,0.0,0.0,0.364,0.0,0.0,0.667,0.435,0.0,0.0,0.667,0.2,0.0,0.0,0.0,2.0,0.0,0.0,0.0,1.0,0.0,0.0,0.0,0.5,0.0,0.0,0.0,6.0,0.0,0.0,2.0,2.0,0.0,0.0,0.0,143.0,0.0,0.0,15.0,16.0,0.0,0.0,2.0,0.118,0.0,0.0,0.144,27.0,0.0,0.0,4.0,7.0,0.0,0.0,1.0,0.023,0.0,0.0,0.032,10.0,0.0,0.0,2.0,49.0,0.0,0.0,3.0,0.177,0.0,0.0,0.108,5.0,0.0,0.0,0.0,0.129,0.0,0.0,0.0,0.113,0.0,0.0,0.086,0,100.0
93,1629216,0.0,-10.4,-5.7,-1.4,0.0,-1.9,-1.1,0.5,0.0,0.1,0.5,1.9,0.0,0.0,0.099,0.105,0.0,-8.5,-4.6,-1.9,0.0,-0.3,-0.4,0.7,0.0,1.2,7.6,10.6,0.0,-0.2,-0.6,0.2,0.0,-0.2,0.2,2.5,0.0,6.0,67.0,210.0,0.0,0.1010000000000000,0.151,0.1940000000000000,0.0,0.0,0.003,0.008,0.0,0.0,2.0,12.0,0.0,5.0,46.0,104.0,0.0,0.065,0.079,0.073,0.0,0.297,0.476,0.533,0.0,37.0,233.0,513.0,0.0,10.0,84.0,190.0,0.0,27.0,149.0,323.0,0.0,8.0,88.0,214.0,0.0,2.0,42.0,95.0,0.0,6.0,46.0,119.0,0.0,0.216,0.378,0.417,0.0,0.2,0.5,0.5,0.0,0.222,0.309,0.368,0.0,0.0,23.0,54.0,0.0,0.0,20.0,44.0,0.0,0.0,0.87,0.815,0.0,9.0,50.0,68.0,0.0,0.0,7.0,27.0,0.0,83.0,655.0,1589.0,0.0,0.0,10.0,22.0,0.0,0.0,0.018,0.016,0.0,22.0,242.0,591.0,0.0,5.0,21.0,62.0,0.0,0.0289999999999999,0.016,0.02,0.0,6.0,79.0,158.0,0.0,5.0,56.0,126.0,0.0,0.034,0.049,0.045,0.0,1.0,34.0,98.0,0.0,0.026,0.123,0.154,0.0,0.2020000000000000,0.191,0.178,0,100.0
94,1629234,-1.3,-1.7,0.0,-1.35,0.7,-0.3,1.2,-0.8000000000000000,0.2,0.3,1.1,0.55,0.5,0.388,0.517,0.369,-1.9,-1.4,-1.1,-0.5500000000000000,0.1,0.5,1.2,1.1,15.1,17.3,17.9,17.95,0.0,0.0,0.4,0.1,0.3,0.8,2.3,1.7,7.0,15.0,42.0,42.5,0.083,0.077,0.079,0.101,0.037,0.055,0.055,0.0285,5.0,17.0,49.0,20.0,28.0,57.0,167.0,126.0,0.268,0.226,0.24,0.22200000000000000,0.577,0.649,0.571,0.5935,26.0,67.0,205.0,185.5,26.0,66.0,203.0,174.0,0.0,1.0,2.0,11.5,15.0,43.0,116.0,110.5,15.0,42.0,114.0,108.0,0.0,1.0,2.0,2.5,0.577,0.642,0.566,0.587,0.577,0.636,0.562,0.6125,0.0,1.0,1.0,0.196,13.0,26.0,106.0,65.0,11.0,20.0,77.0,49.5,0.846,0.769,0.726,0.7655000000000000,23.0,22.0,54.0,35.5,0.0,3.0,3.0,15.5,113.0,272.0,755.0,622.5,6.0,28.0,74.0,65.0,0.0579999999999999,0.111,0.102,0.11000000000000000,41.0,107.0,311.0,273.0,2.0,5.0,18.0,15.5,0.009,0.009,0.012,0.01200000000000000,11.0,37.0,88.0,61.0,34.0,85.0,241.0,191.0,0.1640000000000000,0.168,0.17,0.16500000000000000,8.0,21.0,45.0,40.5,0.201,0.211,0.152,0.161,0.155,0.158,0.171,0.175,0,100.0
95,1629244,-2.5,0.0,-9.15,0.0,-1.2,0.0,-3.6,0.0,0.1,0.0,0.0,0.0,0.115,0.0,0.0,0.0,-1.3,0.0,-5.55,0.0,0.3,0.0,0.0,0.0,10.4,0.0,6.35,0.0,0.0,0.0,-0.05,0.0,0.4,0.0,0.0,0.0,13.0,0.0,1.0,0.0,0.068,0.0,0.044,0.0,0.0069999999999999,0.0,0.0,0.0,2.0,0.0,0.0,0.0,27.0,0.0,1.5,0.0,0.113,0.0,0.049,0.0,0.558,0.0,0.453,0.0,78.0,0.0,9.0,0.0,27.0,0.0,3.0,0.0,51.0,0.0,6.0,0.0,33.0,0.0,3.0,0.0,12.0,0.0,1.5,0.0,21.0,0.0,1.5,0.0,0.423,0.0,0.4065,0.0,0.444,0.0,0.5,0.0,0.412,0.0,0.125,0.0,9.0,0.0,0.0,0.0,8.0,0.0,0.0,0.0,0.889,0.0,0.0,0.0,19.0,0.0,2.5,0.0,0.0,0.0,0.0,0.0,259.0,0.0,20.0,0.0,4.0,0.0,1.0,0.0,0.016,0.0,0.03,0.0,95.0,0.0,7.5,0.0,6.0,0.0,0.0,0.0,0.011,0.0,0.0,0.0,26.0,0.0,1.0,0.0,31.0,0.0,2.5,0.0,0.064,0.0,0.039,0.0,5.0,0.0,0.0,0.0,0.057,0.0,0.0,0.0,0.141,0.0,0.1725,0.0,0,100.0
96,1629312,-8.2,0.0,0.0,-4.6,-2.4,0.0,0.0,-1.3,0.0,0.0,0.0,0.2,0.2,0.0,0.0,0.109,-5.8,0.0,0.0,-3.3,0.0,0.0,0.0,0.0,4.5,0.0,0.0,7.0,-0.1,0.0,0.0,-0.1,0.0,0.0,0.0,0.1,2.0,0.0,0.0,6.0,0.066,0.0,0.0,0.051,0.0,0.0,0.0,0.019,0.0,0.0,0.0,3.0,5.0,0.0,0.0,16.0,0.129,0.0,0.0,0.109,0.45,0.0,0.0,0.446,10.0,0.0,0.0,46.0,5.0,0.0,0.0,18.0,5.0,0.0,0.0,28.0,4.0,0.0,0.0,16.0,3.0,0.0,0.0,7.0,1.0,0.0,0.0,9.0,0.4,0.0,0.0,0.348,0.6,0.0,0.0,0.389,0.2,0.0,0.0,0.321,2.0,0.0,0.0,5.0,0.0,0.0,0.0,2.0,0.0,0.0,0.0,0.4,5.0,0.0,0.0,19.0,0.0,0.0,0.0,1.0,40.0,0.0,0.0,163.0,0.0,0.0,0.0,10.0,0.0,0.0,0.0,0.071,9.0,0.0,0.0,43.0,1.0,0.0,0.0,2.0,0.012,0.0,0.0,0.006,1.0,0.0,0.0,13.0,5.0,0.0,0.0,26.0,0.066,0.0,0.0,0.09,1.0,0.0,0.0,3.0,0.084,0.0,0.0,0.059,0.124,0.0,0.0,0.14,0,100.0
97,1629751,0.0,0.0,-3.6,0.3,0.0,0.0,-1.7,1.7,0.0,0.0,0.1,0.0,0.0,0.0,0.125,0.0,0.0,0.0,-1.9,-1.4,0.0,0.0,0.0,0.0,0.0,0.0,9.8,11.0,0.0,0.0,0.0,0.0,0.0,0.0,0.2,0.0,0.0,0.0,13.0,1.0,0.0,0.0,0.151,0.08,0.0,0.0,0.022,0.0,0.0,0.0,3.0,0.0,0.0,0.0,6.0,2.0,0.0,0.0,0.053,0.134,0.0,0.0,0.479,0.5,0.0,0.0,48.0,6.0,0.0,0.0,22.0,0.0,0.0,0.0,26.0,6.0,0.0,0.0,19.0,2.0,0.0,0.0,11.0,0.0,0.0,0.0,8.0,2.0,0.0,0.0,0.396,0.333,0.0,0.0,0.5,0.0,0.0,0.0,0.308,0.333,0.0,0.0,6.0,0.0,0.0,0.0,2.0,0.0,0.0,0.0,0.333,0.0,0.0,0.0,8.0,6.0,0.0,0.0,2.0,0.0,0.0,0.0,123.0,16.0,0.0,0.0,1.0,0.0,0.0,0.0,0.009,0.0,0.0,0.0,48.0,6.0,0.0,0.0,1.0,1.0,0.0,0.0,0.004,0.03,0.0,0.0,7.0,1.0,0.0,0.0,7.0,2.0,0.0,0.0,0.031,0.065,0.0,0.0,1.0,0.0,0.0,0.0,0.019,0.0,0.0,0.0,0.181,0.154,0,100.0
98,1630256,0.0,0.0,-1.2,-1.8,0.0,0.0,0.4,-0.5,0.0,0.0,1.6,1.1,0.0,0.0,0.235,0.252,0.0,0.0,-1.6,-1.3,0.0,0.0,2.2,1.9,0.0,0.0,13.8,14.3,0.0,0.0,0.4,0.1,0.0,0.0,3.8,3.0,0.0,0.0,178.0,222.0,0.0,0.0,0.132,0.1690000000000000,0.0,0.0,0.016,0.018,0.0,0.0,36.0,41.0,0.0,0.0,242.0,285.0,0.0,0.0,0.132,0.153,0.0,0.0,0.554,0.541,0.0,0.0,625.0,729.0,0.0,0.0,430.0,527.0,0.0,0.0,195.0,202.0,0.0,0.0,316.0,363.0,0.0,0.0,256.0,300.0,0.0,0.0,60.0,63.0,0.0,0.0,0.506,0.498,0.0,0.0,0.595,0.569,0.0,0.0,0.308,0.312,0.0,0.0,147.0,184.0,0.0,0.0,102.0,130.0,0.0,0.0,0.694,0.707,0.0,0.0,70.0,78.0,0.0,0.0,58.0,77.0,0.0,0.0,2043.0,2056.0,0.0,0.0,132.0,135.0,0.0,0.0,0.066,0.072,0.0,0.0,794.0,919.0,0.0,0.0,85.0,72.0,0.0,0.0,0.02,0.017,0.0,0.0,222.0,286.0,0.0,0.0,374.0,420.0,0.0,0.0,0.098,0.1120000000000000,0.0,0.0,98.0,139.0,0.0,0.0,0.124,0.146,0.0,0.0,0.1640000000000000,0.196,0,100.0
99,1630266,0.0,0.0,-39.6,0.0,0.0,0.0,-8.9,0.0,0.0,0.0,0.0,0.0,0.0,0.0,0.0,0.0,0.0,0.0,-30.7,0.0,0.0,0.0,0.0,0.0,0.0,0.0,-35.1,0.0,0.0,0.0,0.0,0.0,0.0,0.0,0.0,0.0,0.0,0.0,0.0,0.0,0.0,0.0,0.0,0.0,0.0,0.0,0.0,0.0,0.0,0.0,0.0,0.0,0.0,0.0,0.0,0.0,0.0,0.0,0.0,0.0,0.0,0.0,0.0,0.0,0.0,0.0,1.0,0.0,0.0,0.0,0.0,0.0,0.0,0.0,1.0,0.0,0.0,0.0,0.0,0.0,0.0,0.0,0.0,0.0,0.0,0.0,0.0,0.0,0.0,0.0,0.0,0.0,0.0,0.0,0.0,0.0,0.0,0.0,0.0,0.0,0.0,0.0,0.0,0.0,0.0,0.0,0.0,0.0,0.0,0.0,0.0,0.0,0.0,0.0,1.0,0.0,0.0,0.0,0.0,0.0,0.0,0.0,3.0,0.0,0.0,0.0,0.0,0.0,0.0,0.0,0.0,0.0,0.0,0.0,0.0,0.0,0.0,0.0,0.0,0.0,0.0,0.0,0.0,0.0,0.0,0.0,1.0,0.0,0.0,0.0,0.0,0.0,0.0,0.0,0.0,0.0,0.0,0.0,1.0,0.0,0.0,0.0,0.5,0.0,0.0,0.0,0.28,0.0,0,100.0